year_month,location,date,irradiance,temp_c
2018-01,Changhua,2018-01-16 00:00:00,2.629912903225806,17.22451612903226
2018-01,Chiayi,2018-01-16 00:00:00,3.1130290322580647,16.072903225806453
2018-01,Hsinchu,2018-01-16 00:00:00,2.629912903225806,14.576129032258065
2018-01,Hualien,2018-01-16 00:00:00,2.240693548387097,20.11935483870968
2018-01,Kaohsiung,2018-01-16 00:00:00,3.3497032258064516,21.221290322580646
2018-01,Miaoli,2018-01-16 00:00:00,2.629912903225806,16.700322580645164
2018-01,Pingtung,2018-01-16 00:00:00,3.3497032258064516,20.598387096774193
2018-01,Taichung,2018-01-16 00:00:00,2.629912903225806,17.22451612903226
2018-01,Tainan,2018-01-16 00:00:00,3.1130290322580647,19.73483870967742
2018-01,Taipei,2018-01-16 00:00:00,1.9387225806451613,14.576129032258065
2018-01,Taitung,2018-01-16 00:00:00,2.2610451612903226,17.387096774193548
2018-01,Taoyuan,2018-01-16 00:00:00,2.4128580645161293,14.576129032258065
2018-01,Yunlin,2018-01-16 00:00:00,3.1130290322580647,16.072903225806453
2018-02,Changhua,2018-02-14 12:00:00,2.785307142857143,16.767500000000002
2018-02,Chiayi,2018-02-14 12:00:00,3.4112178571428573,15.80107142857143
2018-02,Hsinchu,2018-02-14 12:00:00,2.785307142857143,13.719285714285714
2018-02,Hualien,2018-02-14 12:00:00,2.4345142857142856,19.746785714285714
2018-02,Kaohsiung,2018-02-14 12:00:00,3.6158714285714284,20.763571428571428
2018-02,Miaoli,2018-02-14 12:00:00,2.785307142857143,15.880714285714287
2018-02,Pingtung,2018-02-14 12:00:00,3.6158714285714284,20.384999999999998
2018-02,Taichung,2018-02-14 12:00:00,2.785307142857143,16.767500000000002
2018-02,Tainan,2018-02-14 12:00:00,3.4112178571428573,19.06392857142857
2018-02,Taipei,2018-02-14 12:00:00,2.011646428571429,13.719285714285714
2018-02,Taitung,2018-02-14 12:00:00,2.449867857142857,17.16142857142857
2018-02,Taoyuan,2018-02-14 12:00:00,2.5996107142857143,13.719285714285714
2018-02,Yunlin,2018-02-14 12:00:00,3.4112178571428573,15.80107142857143
2018-03,Changhua,2018-03-16 00:00:00,4.534525806451613,20.36032258064516
2018-03,Chiayi,2018-03-16 00:00:00,5.0185258064516125,18.678709677419352
2018-03,Hsinchu,2018-03-16 00:00:00,4.534525806451613,18.131612903225808
2018-03,Hualien,2018-03-16 00:00:00,4.083509677419355,22.41032258064516
2018-03,Kaohsiung,2018-03-16 00:00:00,5.357106451612903,23.73548387096774
2018-03,Miaoli,2018-03-16 00:00:00,4.534525806451613,19.749354838709678
2018-03,Pingtung,2018-03-16 00:00:00,5.357106451612903,23.026129032258062
2018-03,Taichung,2018-03-16 00:00:00,4.534525806451613,20.36032258064516
2018-03,Tainan,2018-03-16 00:00:00,5.0185258064516125,22.68967741935484
2018-03,Taipei,2018-03-16 00:00:00,4.225422580645161,18.131612903225808
2018-03,Taitung,2018-03-16 00:00:00,4.672367741935484,19.743548387096773
2018-03,Taoyuan,2018-03-16 00:00:00,4.378912903225806,18.131612903225808
2018-03,Yunlin,2018-03-16 00:00:00,5.0185258064516125,18.678709677419352
2018-04,Changhua,2018-04-15 12:00:00,4.86616,23.697666666666667
2018-04,Chiayi,2018-04-15 12:00:00,4.926333333333333,22.014333333333333
2018-04,Hsinchu,2018-04-15 12:00:00,4.86616,21.461666666666666
2018-04,Hualien,2018-04-15 12:00:00,4.079883333333333,24.008333333333333
2018-04,Kaohsiung,2018-04-15 12:00:00,5.31518,25.185333333333332
2018-04,Miaoli,2018-04-15 12:00:00,4.86616,22.858333333333334
2018-04,Pingtung,2018-04-15 12:00:00,5.31518,25.474
2018-04,Taichung,2018-04-15 12:00:00,4.86616,23.697666666666667
2018-04,Tainan,2018-04-15 12:00:00,4.926333333333333,24.895
2018-04,Taipei,2018-04-15 12:00:00,4.636716666666667,21.461666666666666
2018-04,Taitung,2018-04-15 12:00:00,4.647976666666667,21.957
2018-04,Taoyuan,2018-04-15 12:00:00,4.276446666666667,21.461666666666666
2018-04,Yunlin,2018-04-15 12:00:00,4.926333333333333,22.014333333333333
2018-05,Changhua,2018-05-16 00:00:00,6.222506451612903,27.137096774193548
2018-05,Chiayi,2018-05-16 00:00:00,5.98551935483871,25.37483870967742
2018-05,Hsinchu,2018-05-16 00:00:00,6.222506451612903,25.787419354838708
2018-05,Hualien,2018-05-16 00:00:00,5.847967741935484,27.293225806451613
2018-05,Kaohsiung,2018-05-16 00:00:00,6.412954838709678,27.855483870967742
2018-05,Miaoli,2018-05-16 00:00:00,6.222506451612903,26.009677419354837
2018-05,Pingtung,2018-05-16 00:00:00,6.412954838709678,28.17290322580645
2018-05,Taichung,2018-05-16 00:00:00,6.222506451612903,27.137096774193548
2018-05,Tainan,2018-05-16 00:00:00,5.98551935483871,27.80548387096774
2018-05,Taipei,2018-05-16 00:00:00,5.817925806451614,25.787419354838708
2018-05,Taitung,2018-05-16 00:00:00,6.397961290322581,25.69741935483871
2018-05,Taoyuan,2018-05-16 00:00:00,5.497296774193549,25.787419354838708
2018-05,Yunlin,2018-05-16 00:00:00,5.98551935483871,25.37483870967742
2018-06,Changhua,2018-06-15 12:00:00,5.352596666666667,27.270333333333333
2018-06,Chiayi,2018-06-15 12:00:00,5.066683333333333,25.101666666666667
2018-06,Hsinchu,2018-06-15 12:00:00,5.352596666666667,26.286
2018-06,Hualien,2018-06-15 12:00:00,5.0626266666666675,28.312
2018-06,Kaohsiung,2018-06-15 12:00:00,5.255626666666667,28.758333333333333
2018-06,Miaoli,2018-06-15 12:00:00,5.352596666666667,26.800333333333334
2018-06,Pingtung,2018-06-15 12:00:00,5.255626666666667,28.084666666666667
2018-06,Taichung,2018-06-15 12:00:00,5.352596666666667,27.270333333333333
2018-06,Tainan,2018-06-15 12:00:00,5.066683333333333,28.526999999999997
2018-06,Taipei,2018-06-15 12:00:00,5.1601333333333335,26.286
2018-06,Taitung,2018-06-15 12:00:00,5.37612,26.076999999999998
2018-06,Taoyuan,2018-06-15 12:00:00,4.849966666666666,26.286
2018-06,Yunlin,2018-06-15 12:00:00,5.066683333333333,25.101666666666667
2018-07,Changhua,2018-07-16 00:00:00,5.89028064516129,27.052258064516128
2018-07,Chiayi,2018-07-16 00:00:00,5.286654838709677,24.68967741935484
2018-07,Hsinchu,2018-07-16 00:00:00,5.89028064516129,27.366774193548387
2018-07,Hualien,2018-07-16 00:00:00,5.664993548387097,28.749354838709678
2018-07,Kaohsiung,2018-07-16 00:00:00,5.537641935483871,29.254193548387097
2018-07,Miaoli,2018-07-16 00:00:00,5.89028064516129,27.466129032258067
2018-07,Pingtung,2018-07-16 00:00:00,5.537641935483871,27.763870967741934
2018-07,Taichung,2018-07-16 00:00:00,5.89028064516129,27.052258064516128
2018-07,Tainan,2018-07-16 00:00:00,5.286654838709677,28.958064516129035
2018-07,Taipei,2018-07-16 00:00:00,6.168525806451613,27.366774193548387
2018-07,Taitung,2018-07-16 00:00:00,6.0350677419354835,25.789354838709677
2018-07,Taoyuan,2018-07-16 00:00:00,5.363803225806452,27.366774193548387
2018-07,Yunlin,2018-07-16 00:00:00,5.286654838709677,24.68967741935484
2018-08,Changhua,2018-08-16 00:00:00,5.117083870967742,26.547096774193548
2018-08,Chiayi,2018-08-16 00:00:00,4.409554838709678,24.100322580645162
2018-08,Hsinchu,2018-08-16 00:00:00,5.117083870967742,27.293225806451613
2018-08,Hualien,2018-08-16 00:00:00,4.753187096774194,29.065806451612904
2018-08,Kaohsiung,2018-08-16 00:00:00,4.066506451612903,29.04612903225806
2018-08,Miaoli,2018-08-16 00:00:00,5.117083870967742,27.176774193548386
2018-08,Pingtung,2018-08-16 00:00:00,4.066506451612903,27.291612903225804
2018-08,Taichung,2018-08-16 00:00:00,5.117083870967742,26.547096774193548
2018-08,Tainan,2018-08-16 00:00:00,4.409554838709678,28.662580645161288
2018-08,Taipei,2018-08-16 00:00:00,5.468083870967742,27.293225806451613
2018-08,Taitung,2018-08-16 00:00:00,4.882835483870967,25.97967741935484
2018-08,Taoyuan,2018-08-16 00:00:00,4.712361290322581,27.293225806451613
2018-08,Yunlin,2018-08-16 00:00:00,4.409554838709678,24.100322580645162
2018-09,Changhua,2018-09-15 12:00:00,5.115213333333333,26.20266666666667
2018-09,Chiayi,2018-09-15 12:00:00,5.156916666666667,24.065333333333335
2018-09,Hsinchu,2018-09-15 12:00:00,5.115213333333333,25.985333333333337
2018-09,Hualien,2018-09-15 12:00:00,5.262653333333334,27.988666666666667
2018-09,Kaohsiung,2018-09-15 12:00:00,5.384523333333333,28.362333333333332
2018-09,Miaoli,2018-09-15 12:00:00,5.115213333333333,26.403333333333332
2018-09,Pingtung,2018-09-15 12:00:00,5.384523333333333,27.268666666666665
2018-09,Taichung,2018-09-15 12:00:00,5.115213333333333,26.20266666666667
2018-09,Tainan,2018-09-15 12:00:00,5.156916666666667,27.846
2018-09,Taipei,2018-09-15 12:00:00,4.9260866666666665,25.985333333333337
2018-09,Taitung,2018-09-15 12:00:00,5.581413333333333,24.883333333333333
2018-09,Taoyuan,2018-09-15 12:00:00,4.6476733333333335,25.985333333333337
2018-09,Yunlin,2018-09-15 12:00:00,5.156916666666667,24.065333333333335
2018-10,Changhua,2018-10-16 00:00:00,4.3595,23.412258064516127
2018-10,Chiayi,2018-10-16 00:00:00,4.563845161290322,21.510322580645163
2018-10,Hsinchu,2018-10-16 00:00:00,4.3595,21.50516129032258
2018-10,Hualien,2018-10-16 00:00:00,3.496722580645161,25.44677419354839
2018-10,Kaohsiung,2018-10-16 00:00:00,4.639132258064516,26.478387096774195
2018-10,Miaoli,2018-10-16 00:00:00,4.3595,23.246129032258064
2018-10,Pingtung,2018-10-16 00:00:00,4.639132258064516,25.608064516129033
2018-10,Taichung,2018-10-16 00:00:00,4.3595,23.412258064516127
2018-10,Tainan,2018-10-16 00:00:00,4.563845161290322,25.541290322580643
2018-10,Taipei,2018-10-16 00:00:00,3.101358064516129,21.50516129032258
2018-10,Taitung,2018-10-16 00:00:00,3.932625806451613,22.470000000000002
2018-10,Taoyuan,2018-10-16 00:00:00,3.382948387096774,21.50516129032258
2018-10,Yunlin,2018-10-16 00:00:00,4.563845161290322,21.510322580645163
2018-11,Changhua,2018-11-15 12:00:00,3.0223099999999996,22.80366666666667
2018-11,Chiayi,2018-11-15 12:00:00,3.627886666666667,21.095666666666666
2018-11,Hsinchu,2018-11-15 12:00:00,3.0223099999999996,20.61733333333333
2018-11,Hualien,2018-11-15 12:00:00,2.9289133333333335,24.522
2018-11,Kaohsiung,2018-11-15 12:00:00,3.82389,25.552666666666667
2018-11,Miaoli,2018-11-15 12:00:00,3.0223099999999996,22.43433333333333
2018-11,Pingtung,2018-11-15 12:00:00,3.82389,24.947
2018-11,Taichung,2018-11-15 12:00:00,3.0223099999999996,22.80366666666667
2018-11,Tainan,2018-11-15 12:00:00,3.627886666666667,24.641000000000002
2018-11,Taipei,2018-11-15 12:00:00,2.32374,20.61733333333333
2018-11,Taitung,2018-11-15 12:00:00,3.20758,21.65666666666667
2018-11,Taoyuan,2018-11-15 12:00:00,2.8384266666666664,20.61733333333333
2018-11,Yunlin,2018-11-15 12:00:00,3.627886666666667,21.095666666666666
2018-12,Changhua,2018-12-16 00:00:00,2.6884322580645166,20.891290322580645
2018-12,Chiayi,2018-12-16 00:00:00,3.5689387096774197,19.450645161290325
2018-12,Hsinchu,2018-12-16 00:00:00,2.6884322580645166,17.63032258064516
2018-12,Hualien,2018-12-16 00:00:00,2.809387096774193,22.56096774193548
2018-12,Kaohsiung,2018-12-16 00:00:00,3.69598064516129,23.91290322580645
2018-12,Miaoli,2018-12-16 00:00:00,2.6884322580645166,19.937741935483867
2018-12,Pingtung,2018-12-16 00:00:00,3.69598064516129,23.350967741935484
2018-12,Taichung,2018-12-16 00:00:00,2.6884322580645166,20.891290322580645
2018-12,Tainan,2018-12-16 00:00:00,3.5689387096774197,22.71741935483871
2018-12,Taipei,2018-12-16 00:00:00,1.9569032258064516,17.63032258064516
2018-12,Taitung,2018-12-16 00:00:00,2.7866806451612907,19.699354838709677
2018-12,Taoyuan,2018-12-16 00:00:00,2.775703225806452,17.63032258064516
2018-12,Yunlin,2018-12-16 00:00:00,3.5689387096774197,19.450645161290325
2019-01,Changhua,2019-01-16 00:00:00,2.8676774193548384,18.899354838709677
2019-01,Chiayi,2019-01-16 00:00:00,3.4483193548387097,17.895806451612902
2019-01,Hsinchu,2019-01-16 00:00:00,2.8676774193548384,15.964516129032257
2019-01,Hualien,2019-01-16 00:00:00,2.4815548387096777,21.739032258064515
2019-01,Kaohsiung,2019-01-16 00:00:00,3.488925806451613,23.003225806451614
2019-01,Miaoli,2019-01-16 00:00:00,2.8676774193548384,17.941290322580645
2019-01,Pingtung,2019-01-16 00:00:00,3.488925806451613,22.28774193548387
2019-01,Taichung,2019-01-16 00:00:00,2.8676774193548384,18.899354838709677
2019-01,Tainan,2019-01-16 00:00:00,3.4483193548387097,21.201290322580647
2019-01,Taipei,2019-01-16 00:00:00,2.151951612903226,15.964516129032257
2019-01,Taitung,2019-01-16 00:00:00,2.6507612903225803,18.821290322580648
2019-01,Taoyuan,2019-01-16 00:00:00,2.5466870967741935,15.964516129032257
2019-01,Yunlin,2019-01-16 00:00:00,3.4483193548387097,17.895806451612902
2019-02,Changhua,2019-02-14 12:00:00,2.7357857142857145,20.26607142857143
2019-02,Chiayi,2019-02-14 12:00:00,4.1818607142857145,19.508928571428573
2019-02,Hsinchu,2019-02-14 12:00:00,2.7357857142857145,16.767500000000002
2019-02,Hualien,2019-02-14 12:00:00,3.3450785714285716,22.679285714285715
2019-02,Kaohsiung,2019-02-14 12:00:00,4.685642857142858,23.658214285714283
2019-02,Miaoli,2019-02-14 12:00:00,2.7357857142857145,19.435
2019-02,Pingtung,2019-02-14 12:00:00,4.685642857142858,23.526785714285715
2019-02,Taichung,2019-02-14 12:00:00,2.7357857142857145,20.26607142857143
2019-02,Tainan,2019-02-14 12:00:00,4.1818607142857145,22.601428571428574
2019-02,Taipei,2019-02-14 12:00:00,1.8492678571428571,16.767500000000002
2019-02,Taitung,2019-02-14 12:00:00,3.822617857142857,20.281785714285714
2019-02,Taoyuan,2019-02-14 12:00:00,3.1261571428571426,16.767500000000002
2019-02,Yunlin,2019-02-14 12:00:00,4.1818607142857145,19.508928571428573
2019-03,Changhua,2019-03-16 00:00:00,3.3191516129032257,20.54741935483871
2019-03,Chiayi,2019-03-16 00:00:00,3.958745161290323,19.24516129032258
2019-03,Hsinchu,2019-03-16 00:00:00,3.3191516129032257,18.187419354838706
2019-03,Hualien,2019-03-16 00:00:00,3.1640129032258066,22.971290322580646
2019-03,Kaohsiung,2019-03-16 00:00:00,4.687812903225807,23.990645161290324
2019-03,Miaoli,2019-03-16 00:00:00,3.3191516129032257,20.199032258064516
2019-03,Pingtung,2019-03-16 00:00:00,4.687812903225807,23.661290322580644
2019-03,Taichung,2019-03-16 00:00:00,3.3191516129032257,20.54741935483871
2019-03,Tainan,2019-03-16 00:00:00,3.958745161290323,23.128709677419355
2019-03,Taipei,2019-03-16 00:00:00,2.8145032258064515,18.187419354838706
2019-03,Taitung,2019-03-16 00:00:00,3.915916129032258,20.63225806451613
2019-03,Taoyuan,2019-03-16 00:00:00,3.112493548387097,18.187419354838706
2019-03,Yunlin,2019-03-16 00:00:00,3.958745161290323,19.24516129032258
2019-04,Changhua,2019-04-15 12:00:00,4.483583333333333,23.826999999999998
2019-04,Chiayi,2019-04-15 12:00:00,5.00664,22.459999999999997
2019-04,Hsinchu,2019-04-15 12:00:00,4.483583333333333,22.264333333333333
2019-04,Hualien,2019-04-15 12:00:00,4.4436366666666665,25.470666666666666
2019-04,Kaohsiung,2019-04-15 12:00:00,5.61607,25.970000000000002
2019-04,Miaoli,2019-04-15 12:00:00,4.483583333333333,23.200666666666667
2019-04,Pingtung,2019-04-15 12:00:00,5.61607,26.243
2019-04,Taichung,2019-04-15 12:00:00,4.483583333333333,23.826999999999998
2019-04,Tainan,2019-04-15 12:00:00,5.00664,25.521666666666665
2019-04,Taipei,2019-04-15 12:00:00,4.02048,22.264333333333333
2019-04,Taitung,2019-04-15 12:00:00,4.818886666666667,23.749666666666666
2019-04,Taoyuan,2019-04-15 12:00:00,4.328436666666667,22.264333333333333
2019-04,Yunlin,2019-04-15 12:00:00,5.00664,22.459999999999997
2019-05,Changhua,2019-05-16 00:00:00,3.8648903225806452,24.268387096774195
2019-05,Chiayi,2019-05-16 00:00:00,3.8293064516129034,22.470645161290324
2019-05,Hsinchu,2019-05-16 00:00:00,3.8648903225806452,23.31064516129032
2019-05,Hualien,2019-05-16 00:00:00,3.2755677419354843,26.17258064516129
2019-05,Kaohsiung,2019-05-16 00:00:00,4.3482419354838715,27.006774193548388
2019-05,Miaoli,2019-05-16 00:00:00,3.8648903225806452,24.35451612903226
2019-05,Pingtung,2019-05-16 00:00:00,4.3482419354838715,26.383225806451613
2019-05,Taichung,2019-05-16 00:00:00,3.8648903225806452,24.268387096774195
2019-05,Tainan,2019-05-16 00:00:00,3.8293064516129034,26.434193548387096
2019-05,Taipei,2019-05-16 00:00:00,3.6692709677419355,23.31064516129032
2019-05,Taitung,2019-05-16 00:00:00,3.975774193548387,23.94677419354839
2019-05,Taoyuan,2019-05-16 00:00:00,3.157683870967742,23.31064516129032
2019-05,Yunlin,2019-05-16 00:00:00,3.8293064516129034,22.470645161290324
2019-06,Changhua,2019-06-15 12:00:00,4.855276666666667,26.205333333333332
2019-06,Chiayi,2019-06-15 12:00:00,4.77158,23.949666666666666
2019-06,Hsinchu,2019-06-15 12:00:00,4.855276666666667,26.382
2019-06,Hualien,2019-06-15 12:00:00,4.670833333333333,28.804666666666666
2019-06,Kaohsiung,2019-06-15 12:00:00,5.253063333333333,29.386666666666667
2019-06,Miaoli,2019-06-15 12:00:00,4.855276666666667,26.456000000000003
2019-06,Pingtung,2019-06-15 12:00:00,5.253063333333333,27.81
2019-06,Taichung,2019-06-15 12:00:00,4.855276666666667,26.205333333333332
2019-06,Tainan,2019-06-15 12:00:00,4.77158,28.911
2019-06,Taipei,2019-06-15 12:00:00,4.349473333333333,26.382
2019-06,Taitung,2019-06-15 12:00:00,5.34335,25.94333333333333
2019-06,Taoyuan,2019-06-15 12:00:00,4.399746666666667,26.382
2019-06,Yunlin,2019-06-15 12:00:00,4.77158,23.949666666666666
2019-07,Changhua,2019-07-16 00:00:00,5.85451935483871,27.03322580645161
2019-07,Chiayi,2019-07-16 00:00:00,5.2097354838709675,24.69483870967742
2019-07,Hsinchu,2019-07-16 00:00:00,5.85451935483871,27.699354838709677
2019-07,Hualien,2019-07-16 00:00:00,5.8904645161290325,29.490322580645163
2019-07,Kaohsiung,2019-07-16 00:00:00,5.072964516129032,29.753225806451614
2019-07,Miaoli,2019-07-16 00:00:00,5.85451935483871,27.404193548387095
2019-07,Pingtung,2019-07-16 00:00:00,5.072964516129032,28.015483870967742
2019-07,Taichung,2019-07-16 00:00:00,5.85451935483871,27.03322580645161
2019-07,Tainan,2019-07-16 00:00:00,5.2097354838709675,29.33516129032258
2019-07,Taipei,2019-07-16 00:00:00,5.876822580645161,27.699354838709677
2019-07,Taitung,2019-07-16 00:00:00,6.045961290322581,26.30806451612903
2019-07,Taoyuan,2019-07-16 00:00:00,5.600561290322581,27.699354838709677
2019-07,Yunlin,2019-07-16 00:00:00,5.2097354838709675,24.69483870967742
2019-08,Changhua,2019-08-16 00:00:00,5.064132258064516,27.190645161290323
2019-08,Chiayi,2019-08-16 00:00:00,4.436309677419355,24.864193548387096
2019-08,Hsinchu,2019-08-16 00:00:00,5.064132258064516,27.528709677419354
2019-08,Hualien,2019-08-16 00:00:00,5.018774193548387,29.174838709677417
2019-08,Kaohsiung,2019-08-16 00:00:00,4.20891935483871,29.198709677419355
2019-08,Miaoli,2019-08-16 00:00:00,5.064132258064516,27.573870967741936
2019-08,Pingtung,2019-08-16 00:00:00,4.20891935483871,27.738064516129032
2019-08,Taichung,2019-08-16 00:00:00,5.064132258064516,27.190645161290323
2019-08,Tainan,2019-08-16 00:00:00,4.436309677419355,28.831612903225807
2019-08,Taipei,2019-08-16 00:00:00,5.768125806451613,27.528709677419354
2019-08,Taitung,2019-08-16 00:00:00,5.332990322580645,26.05838709677419
2019-08,Taoyuan,2019-08-16 00:00:00,4.933564516129032,27.528709677419354
2019-08,Yunlin,2019-08-16 00:00:00,4.436309677419355,24.864193548387096
2019-09,Changhua,2019-09-15 12:00:00,5.24209,26.028666666666666
2019-09,Chiayi,2019-09-15 12:00:00,5.171670000000001,23.779666666666667
2019-09,Hsinchu,2019-09-15 12:00:00,5.24209,25.365000000000002
2019-09,Hualien,2019-09-15 12:00:00,4.744223333333333,27.827333333333335
2019-09,Kaohsiung,2019-09-15 12:00:00,5.055846666666667,28.337
2019-09,Miaoli,2019-09-15 12:00:00,5.24209,26.398666666666667
2019-09,Pingtung,2019-09-15 12:00:00,5.055846666666667,27.050666666666665
2019-09,Taichung,2019-09-15 12:00:00,5.24209,26.028666666666666
2019-09,Tainan,2019-09-15 12:00:00,5.171670000000001,27.799
2019-09,Taipei,2019-09-15 12:00:00,4.791086666666667,25.365000000000002
2019-09,Taitung,2019-09-15 12:00:00,4.638283333333333,24.567999999999998
2019-09,Taoyuan,2019-09-15 12:00:00,4.473466666666667,25.365000000000002
2019-09,Yunlin,2019-09-15 12:00:00,5.171670000000001,23.779666666666667
2019-10,Changhua,2019-10-16 00:00:00,4.724512903225807,24.676451612903225
2019-10,Chiayi,2019-10-16 00:00:00,4.767645161290322,22.498387096774195
2019-10,Hsinchu,2019-10-16 00:00:00,4.724512903225807,22.71483870967742
2019-10,Hualien,2019-10-16 00:00:00,4.183725806451613,25.950000000000003
2019-10,Kaohsiung,2019-10-16 00:00:00,4.877312903225806,26.990000000000002
2019-10,Miaoli,2019-10-16 00:00:00,4.724512903225807,24.5058064516129
2019-10,Pingtung,2019-10-16 00:00:00,4.877312903225806,25.986129032258066
2019-10,Taichung,2019-10-16 00:00:00,4.724512903225807,24.676451612903225
2019-10,Tainan,2019-10-16 00:00:00,4.767645161290322,26.283870967741933
2019-10,Taipei,2019-10-16 00:00:00,4.105467741935484,22.71483870967742
2019-10,Taitung,2019-10-16 00:00:00,4.503090322580645,22.83677419354839
2019-10,Taoyuan,2019-10-16 00:00:00,4.139561290322581,22.71483870967742
2019-10,Yunlin,2019-10-16 00:00:00,4.767645161290322,22.498387096774195
2019-11,Changhua,2019-11-15 12:00:00,3.746106666666667,22.761000000000003
2019-11,Chiayi,2019-11-15 12:00:00,4.221173333333334,21.159333333333333
2019-11,Hsinchu,2019-11-15 12:00:00,3.746106666666667,19.898333333333333
2019-11,Hualien,2019-11-15 12:00:00,3.243243333333333,23.973333333333336
2019-11,Kaohsiung,2019-11-15 12:00:00,4.249396666666667,25.230999999999998
2019-11,Miaoli,2019-11-15 12:00:00,3.746106666666667,22.038999999999998
2019-11,Pingtung,2019-11-15 12:00:00,4.249396666666667,24.497
2019-11,Taichung,2019-11-15 12:00:00,3.746106666666667,22.761000000000003
2019-11,Tainan,2019-11-15 12:00:00,4.221173333333334,24.447
2019-11,Taipei,2019-11-15 12:00:00,2.897116666666667,19.898333333333333
2019-11,Taitung,2019-11-15 12:00:00,3.4041799999999998,20.822999999999997
2019-11,Taoyuan,2019-11-15 12:00:00,3.3270233333333334,19.898333333333333
2019-11,Yunlin,2019-11-15 12:00:00,4.221173333333334,21.159333333333333
2019-12,Changhua,2019-12-16 00:00:00,2.8579935483870966,19.065483870967743
2019-12,Chiayi,2019-12-16 00:00:00,3.3835870967741934,17.69451612903226
2019-12,Hsinchu,2019-12-16 00:00:00,2.8579935483870966,16.89548387096774
2019-12,Hualien,2019-12-16 00:00:00,2.8030774193548385,21.799032258064514
2019-12,Kaohsiung,2019-12-16 00:00:00,3.5000322580645165,22.491290322580646
2019-12,Miaoli,2019-12-16 00:00:00,2.8579935483870966,18.621612903225806
2019-12,Pingtung,2019-12-16 00:00:00,3.5000322580645165,22.07903225806452
2019-12,Taichung,2019-12-16 00:00:00,2.8579935483870966,19.065483870967743
2019-12,Tainan,2019-12-16 00:00:00,3.3835870967741934,21.43064516129032
2019-12,Taipei,2019-12-16 00:00:00,2.1195387096774194,16.89548387096774
2019-12,Taitung,2019-12-16 00:00:00,2.8549032258064515,18.75258064516129
2019-12,Taoyuan,2019-12-16 00:00:00,2.742767741935484,16.89548387096774
2019-12,Yunlin,2019-12-16 00:00:00,3.3835870967741934,17.69451612903226
2020-01,Changhua,2020-01-16 00:00:00,3.0650129032258064,17.620645161290323
2020-01,Chiayi,2020-01-16 00:00:00,3.946177419354839,16.276774193548388
2020-01,Hsinchu,2020-01-16 00:00:00,3.0650129032258064,15.46032258064516
2020-01,Hualien,2020-01-16 00:00:00,2.8767870967741938,21.311612903225804
2020-01,Kaohsiung,2020-01-16 00:00:00,4.001229032258064,21.90838709677419
2020-01,Miaoli,2020-01-16 00:00:00,3.0650129032258064,17.46451612903226
2020-01,Pingtung,2020-01-16 00:00:00,4.001229032258064,21.315806451612904
2020-01,Taichung,2020-01-16 00:00:00,3.0650129032258064,17.620645161290323
2020-01,Tainan,2020-01-16 00:00:00,3.946177419354839,20.36774193548387
2020-01,Taipei,2020-01-16 00:00:00,2.383848387096774,15.46032258064516
2020-01,Taitung,2020-01-16 00:00:00,3.0309612903225807,18.345806451612905
2020-01,Taoyuan,2020-01-16 00:00:00,3.0486999999999997,15.46032258064516
2020-01,Yunlin,2020-01-16 00:00:00,3.946177419354839,16.276774193548388
2020-02,Changhua,2020-02-15 00:00:00,3.714113793103448,18.71793103448276
2020-02,Chiayi,2020-02-15 00:00:00,4.390220689655172,17.121379310344828
2020-02,Hsinchu,2020-02-15 00:00:00,3.714113793103448,16.250689655172412
2020-02,Hualien,2020-02-15 00:00:00,3.0521103448275864,21.509999999999998
2020-02,Kaohsiung,2020-02-15 00:00:00,4.5036344827586205,22.753103448275862
2020-02,Miaoli,2020-02-15 00:00:00,3.714113793103448,18.132758620689657
2020-02,Pingtung,2020-02-15 00:00:00,4.5036344827586205,21.853793103448275
2020-02,Taichung,2020-02-15 00:00:00,3.714113793103448,18.71793103448276
2020-02,Tainan,2020-02-15 00:00:00,4.390220689655172,21.395862068965517
2020-02,Taipei,2020-02-15 00:00:00,3.1129724137931034,16.250689655172412
2020-02,Taitung,2020-02-15 00:00:00,3.282951724137931,18.38448275862069
2020-02,Taoyuan,2020-02-15 00:00:00,3.351855172413793,16.250689655172412
2020-02,Yunlin,2020-02-15 00:00:00,4.390220689655172,17.121379310344828
2020-03,Changhua,2020-03-16 00:00:00,3.7062290322580647,21.393548387096775
2020-03,Chiayi,2020-03-16 00:00:00,4.456216129032258,20.19161290322581
2020-03,Hsinchu,2020-03-16 00:00:00,3.7062290322580647,18.698709677419355
2020-03,Hualien,2020-03-16 00:00:00,3.3396161290322577,22.950000000000003
2020-03,Kaohsiung,2020-03-16 00:00:00,4.996648387096774,24.156451612903226
2020-03,Miaoli,2020-03-16 00:00:00,3.7062290322580647,20.73483870967742
2020-03,Pingtung,2020-03-16 00:00:00,4.996648387096774,24.041290322580643
2020-03,Taichung,2020-03-16 00:00:00,3.7062290322580647,21.393548387096775
2020-03,Tainan,2020-03-16 00:00:00,4.456216129032258,23.414516129032258
2020-03,Taipei,2020-03-16 00:00:00,2.786558064516129,18.698709677419355
2020-03,Taitung,2020-03-16 00:00:00,4.012822580645161,20.881290322580647
2020-03,Taoyuan,2020-03-16 00:00:00,3.345032258064516,18.698709677419355
2020-03,Yunlin,2020-03-16 00:00:00,4.456216129032258,20.19161290322581
2020-04,Changhua,2020-04-15 12:00:00,4.276210000000001,21.701
2020-04,Chiayi,2020-04-15 12:00:00,4.6977166666666665,20.175
2020-04,Hsinchu,2020-04-15 12:00:00,4.276210000000001,19.042666666666666
2020-04,Hualien,2020-04-15 12:00:00,3.4425266666666667,23.278666666666666
2020-04,Kaohsiung,2020-04-15 12:00:00,5.13347,24.464
2020-04,Miaoli,2020-04-15 12:00:00,4.276210000000001,21.226
2020-04,Pingtung,2020-04-15 12:00:00,5.13347,24.612333333333332
2020-04,Taichung,2020-04-15 12:00:00,4.276210000000001,21.701
2020-04,Tainan,2020-04-15 12:00:00,4.6977166666666665,23.64966666666667
2020-04,Taipei,2020-04-15 12:00:00,3.6115566666666665,19.042666666666666
2020-04,Taitung,2020-04-15 12:00:00,4.14316,21.122333333333334
2020-04,Taoyuan,2020-04-15 12:00:00,3.498343333333333,19.042666666666666
2020-04,Yunlin,2020-04-15 12:00:00,4.6977166666666665,20.175
2020-05,Changhua,2020-05-16 00:00:00,4.934987096774194,26.311290322580643
2020-05,Chiayi,2020-05-16 00:00:00,4.920016129032258,24.408709677419353
2020-05,Hsinchu,2020-05-16 00:00:00,4.934987096774194,25.258387096774193
2020-05,Hualien,2020-05-16 00:00:00,4.395896774193548,27.23709677419355
2020-05,Kaohsiung,2020-05-16 00:00:00,5.347658064516129,27.63806451612903
2020-05,Miaoli,2020-05-16 00:00:00,4.934987096774194,25.68064516129032
2020-05,Pingtung,2020-05-16 00:00:00,5.347658064516129,27.57193548387097
2020-05,Taichung,2020-05-16 00:00:00,4.934987096774194,26.311290322580643
2020-05,Tainan,2020-05-16 00:00:00,4.920016129032258,27.517419354838708
2020-05,Taipei,2020-05-16 00:00:00,4.2432483870967745,25.258387096774193
2020-05,Taitung,2020-05-16 00:00:00,4.987338709677419,25.49258064516129
2020-05,Taoyuan,2020-05-16 00:00:00,4.050648387096774,25.258387096774193
2020-05,Yunlin,2020-05-16 00:00:00,4.920016129032258,24.408709677419353
2020-06,Changhua,2020-06-15 12:00:00,6.218616666666667,26.719333333333335
2020-06,Chiayi,2020-06-15 12:00:00,5.9677533333333335,24.204333333333334
2020-06,Hsinchu,2020-06-15 12:00:00,6.218616666666667,27.630666666666666
2020-06,Hualien,2020-06-15 12:00:00,6.3155,29.547666666666668
2020-06,Kaohsiung,2020-06-15 12:00:00,6.58362,29.644333333333336
2020-06,Miaoli,2020-06-15 12:00:00,6.218616666666667,27.038666666666664
2020-06,Pingtung,2020-06-15 12:00:00,6.58362,28.030666666666665
2020-06,Taichung,2020-06-15 12:00:00,6.218616666666667,26.719333333333335
2020-06,Tainan,2020-06-15 12:00:00,5.9677533333333335,29.193666666666665
2020-06,Taipei,2020-06-15 12:00:00,5.897613333333334,27.630666666666666
2020-06,Taitung,2020-06-15 12:00:00,6.84086,26.283666666666665
2020-06,Taoyuan,2020-06-15 12:00:00,5.7265500000000005,27.630666666666666
2020-06,Yunlin,2020-06-15 12:00:00,5.9677533333333335,24.204333333333334
2020-07,Changhua,2020-07-16 00:00:00,6.185706451612903,27.921612903225807
2020-07,Chiayi,2020-07-16 00:00:00,5.90413870967742,25.343548387096774
2020-07,Hsinchu,2020-07-16 00:00:00,6.185706451612903,28.36225806451613
2020-07,Hualien,2020-07-16 00:00:00,6.252422580645161,29.70258064516129
2020-07,Kaohsiung,2020-07-16 00:00:00,6.094264516129033,30.328709677419354
2020-07,Miaoli,2020-07-16 00:00:00,6.185706451612903,28.011290322580646
2020-07,Pingtung,2020-07-16 00:00:00,6.094264516129033,28.72774193548387
2020-07,Taichung,2020-07-16 00:00:00,6.185706451612903,27.921612903225807
2020-07,Tainan,2020-07-16 00:00:00,5.90413870967742,30.119032258064518
2020-07,Taipei,2020-07-16 00:00:00,6.217354838709677,28.36225806451613
2020-07,Taitung,2020-07-16 00:00:00,6.668529032258065,26.720967741935485
2020-07,Taoyuan,2020-07-16 00:00:00,5.761335483870968,28.36225806451613
2020-07,Yunlin,2020-07-16 00:00:00,5.90413870967742,25.343548387096774
2020-08,Changhua,2020-08-16 00:00:00,5.689487096774194,27.291935483870965
2020-08,Chiayi,2020-08-16 00:00:00,5.088787096774193,24.781612903225806
2020-08,Hsinchu,2020-08-16 00:00:00,5.689487096774194,27.595483870967744
2020-08,Hualien,2020-08-16 00:00:00,5.486093548387097,29.214193548387097
2020-08,Kaohsiung,2020-08-16 00:00:00,4.882287096774194,29.585483870967742
2020-08,Miaoli,2020-08-16 00:00:00,5.689487096774194,27.708064516129035
2020-08,Pingtung,2020-08-16 00:00:00,4.882287096774194,27.81709677419355
2020-08,Taichung,2020-08-16 00:00:00,5.689487096774194,27.291935483870965
2020-08,Tainan,2020-08-16 00:00:00,5.088787096774193,29.174193548387095
2020-08,Taipei,2020-08-16 00:00:00,5.692780645161291,27.595483870967744
2020-08,Taitung,2020-08-16 00:00:00,5.424396774193548,25.65806451612903
2020-08,Taoyuan,2020-08-16 00:00:00,5.279251612903226,27.595483870967744
2020-08,Yunlin,2020-08-16 00:00:00,5.088787096774193,24.781612903225806
2020-09,Changhua,2020-09-15 12:00:00,4.8427333333333324,26.379666666666665
2020-09,Chiayi,2020-09-15 12:00:00,5.2710333333333335,23.830333333333332
2020-09,Hsinchu,2020-09-15 12:00:00,4.8427333333333324,25.529333333333334
2020-09,Hualien,2020-09-15 12:00:00,4.63636,28.26966666666667
2020-09,Kaohsiung,2020-09-15 12:00:00,5.63112,29.099666666666668
2020-09,Miaoli,2020-09-15 12:00:00,4.8427333333333324,26.624000000000002
2020-09,Pingtung,2020-09-15 12:00:00,5.63112,27.565333333333335
2020-09,Taichung,2020-09-15 12:00:00,4.8427333333333324,26.379666666666665
2020-09,Tainan,2020-09-15 12:00:00,5.2710333333333335,28.439
2020-09,Taipei,2020-09-15 12:00:00,4.164503333333333,25.529333333333334
2020-09,Taitung,2020-09-15 12:00:00,5.218186666666667,25.134
2020-09,Taoyuan,2020-09-15 12:00:00,4.3325,25.529333333333334
2020-09,Yunlin,2020-09-15 12:00:00,5.2710333333333335,23.830333333333332
2020-10,Changhua,2020-10-16 00:00:00,4.121409677419355,25.924193548387095
2020-10,Chiayi,2020-10-16 00:00:00,4.646212903225806,23.768387096774195
2020-10,Hsinchu,2020-10-16 00:00:00,4.121409677419355,22.60967741935484
2020-10,Hualien,2020-10-16 00:00:00,3.6204483870967743,26.281612903225806
2020-10,Kaohsiung,2020-10-16 00:00:00,4.440764516129033,27.743870967741934
2020-10,Miaoli,2020-10-16 00:00:00,4.121409677419355,24.828387096774193
2020-10,Pingtung,2020-10-16 00:00:00,4.440764516129033,26.5641935483871
2020-10,Taichung,2020-10-16 00:00:00,4.121409677419355,25.924193548387095
2020-10,Tainan,2020-10-16 00:00:00,4.646212903225806,26.809677419354838
2020-10,Taipei,2020-10-16 00:00:00,3.3531870967741937,22.60967741935484
2020-10,Taitung,2020-10-16 00:00:00,3.800964516129032,23.106129032258064
2020-10,Taoyuan,2020-10-16 00:00:00,3.5683645161290323,22.60967741935484
2020-10,Yunlin,2020-10-16 00:00:00,4.646212903225806,23.768387096774195
2020-11,Changhua,2020-11-15 12:00:00,3.3039899999999998,24.326999999999998
2020-11,Chiayi,2020-11-15 12:00:00,3.606543333333333,22.319666666666667
2020-11,Hsinchu,2020-11-15 12:00:00,3.3039899999999998,21.038666666666664
2020-11,Hualien,2020-11-15 12:00:00,2.9870333333333337,24.855999999999998
2020-11,Kaohsiung,2020-11-15 12:00:00,3.7597366666666665,26.154999999999998
2020-11,Miaoli,2020-11-15 12:00:00,3.3039899999999998,22.996
2020-11,Pingtung,2020-11-15 12:00:00,3.7597366666666665,24.938333333333333
2020-11,Taichung,2020-11-15 12:00:00,3.3039899999999998,24.326999999999998
2020-11,Tainan,2020-11-15 12:00:00,3.606543333333333,25.162333333333333
2020-11,Taipei,2020-11-15 12:00:00,2.669303333333333,21.038666666666664
2020-11,Taitung,2020-11-15 12:00:00,3.0093166666666664,21.598666666666666
2020-11,Taoyuan,2020-11-15 12:00:00,3.0572833333333334,21.038666666666664
2020-11,Yunlin,2020-11-15 12:00:00,3.606543333333333,22.319666666666667
2020-12,Changhua,2020-12-16 00:00:00,2.284641935483871,19.590645161290322
2020-12,Chiayi,2020-12-16 00:00:00,3.071351612903226,18.391290322580645
2020-12,Hsinchu,2020-12-16 00:00:00,2.284641935483871,16.343548387096774
2020-12,Hualien,2020-12-16 00:00:00,2.2737354838709676,21.548387096774192
2020-12,Kaohsiung,2020-12-16 00:00:00,3.1215580645161287,23.09774193548387
2020-12,Miaoli,2020-12-16 00:00:00,2.284641935483871,18.60483870967742
2020-12,Pingtung,2020-12-16 00:00:00,3.1215580645161287,22.30322580645161
2020-12,Taichung,2020-12-16 00:00:00,2.284641935483871,19.590645161290322
2020-12,Tainan,2020-12-16 00:00:00,3.071351612903226,21.758064516129032
2020-12,Taipei,2020-12-16 00:00:00,1.3542387096774193,16.343548387096774
2020-12,Taitung,2020-12-16 00:00:00,2.230132258064516,18.734516129032258
2020-12,Taoyuan,2020-12-16 00:00:00,2.0847258064516128,16.343548387096774
2020-12,Yunlin,2020-12-16 00:00:00,3.071351612903226,18.391290322580645
2021-01,Changhua,2021-01-16 00:00:00,3.2450290322580644,15.831612903225807
2021-01,Chiayi,2021-01-16 00:00:00,3.7856064516129035,14.531935483870969
2021-01,Hsinchu,2021-01-16 00:00:00,3.2450290322580644,13.467419354838709
2021-01,Hualien,2021-01-16 00:00:00,2.775622580645161,19.066774193548387
2021-01,Kaohsiung,2021-01-16 00:00:00,3.811916129032258,20.350645161290323
2021-01,Miaoli,2021-01-16 00:00:00,3.2450290322580644,15.27258064516129
2021-01,Pingtung,2021-01-16 00:00:00,3.811916129032258,19.418387096774193
2021-01,Taichung,2021-01-16 00:00:00,3.2450290322580644,15.831612903225807
2021-01,Tainan,2021-01-16 00:00:00,3.7856064516129035,18.663870967741936
2021-01,Taipei,2021-01-16 00:00:00,2.3619290322580646,13.467419354838709
2021-01,Taitung,2021-01-16 00:00:00,2.845248387096774,16.238064516129032
2021-01,Taoyuan,2021-01-16 00:00:00,2.965783870967742,13.467419354838709
2021-01,Yunlin,2021-01-16 00:00:00,3.7856064516129035,14.531935483870969
2021-02,Changhua,2021-02-14 12:00:00,4.111882142857143,18.752857142857145
2021-02,Chiayi,2021-02-14 12:00:00,4.724860714285714,17.723214285714285
2021-02,Hsinchu,2021-02-14 12:00:00,4.111882142857143,16.309642857142858
2021-02,Hualien,2021-02-14 12:00:00,3.7675142857142854,21.336071428571426
2021-02,Kaohsiung,2021-02-14 12:00:00,4.871010714285715,21.857499999999998
2021-02,Miaoli,2021-02-14 12:00:00,4.111882142857143,17.45
2021-02,Pingtung,2021-02-14 12:00:00,4.871010714285715,21.509285714285713
2021-02,Taichung,2021-02-14 12:00:00,4.111882142857143,18.752857142857145
2021-02,Tainan,2021-02-14 12:00:00,4.724860714285714,20.634999999999998
2021-02,Taipei,2021-02-14 12:00:00,3.565553571428571,16.309642857142858
2021-02,Taitung,2021-02-14 12:00:00,3.9161642857142858,18.340714285714284
2021-02,Taoyuan,2021-02-14 12:00:00,3.958103571428571,16.309642857142858
2021-02,Yunlin,2021-02-14 12:00:00,4.724860714285714,17.723214285714285
2021-03,Changhua,2021-03-16 00:00:00,3.956906451612903,21.34935483870968
2021-03,Chiayi,2021-03-16 00:00:00,4.752322580645162,20.893548387096775
2021-03,Hsinchu,2021-03-16 00:00:00,3.956906451612903,18.377096774193546
2021-03,Hualien,2021-03-16 00:00:00,3.872751612903226,22.876451612903224
2021-03,Kaohsiung,2021-03-16 00:00:00,5.177467741935484,23.28483870967742
2021-03,Miaoli,2021-03-16 00:00:00,3.956906451612903,19.68
2021-03,Pingtung,2021-03-16 00:00:00,5.177467741935484,24.548387096774192
2021-03,Taichung,2021-03-16 00:00:00,3.956906451612903,21.34935483870968
2021-03,Tainan,2021-03-16 00:00:00,4.752322580645162,22.210322580645162
2021-03,Taipei,2021-03-16 00:00:00,3.178164516129032,18.377096774193546
2021-03,Taitung,2021-03-16 00:00:00,4.224780645161291,20.986451612903227
2021-03,Taoyuan,2021-03-16 00:00:00,3.845816129032258,18.377096774193546
2021-03,Yunlin,2021-03-16 00:00:00,4.752322580645162,20.893548387096775
2021-04,Changhua,2021-04-15 12:00:00,4.354133333333333,24.312666666666665
2021-04,Chiayi,2021-04-15 12:00:00,4.866566666666667,22.801666666666666
2021-04,Hsinchu,2021-04-15 12:00:00,4.354133333333333,21.091333333333335
2021-04,Hualien,2021-04-15 12:00:00,4.07746,24.246666666666666
2021-04,Kaohsiung,2021-04-15 12:00:00,5.092673333333334,25.235
2021-04,Miaoli,2021-04-15 12:00:00,4.354133333333333,23.24233333333333
2021-04,Pingtung,2021-04-15 12:00:00,5.092673333333334,26.134333333333334
2021-04,Taichung,2021-04-15 12:00:00,4.354133333333333,24.312666666666665
2021-04,Tainan,2021-04-15 12:00:00,4.866566666666667,24.897
2021-04,Taipei,2021-04-15 12:00:00,4.075336666666667,21.091333333333335
2021-04,Taitung,2021-04-15 12:00:00,4.520476666666667,22.436666666666667
2021-04,Taoyuan,2021-04-15 12:00:00,4.151736666666666,21.091333333333335
2021-04,Yunlin,2021-04-15 12:00:00,4.866566666666667,22.801666666666666
2021-05,Changhua,2021-05-16 00:00:00,5.742887096774194,28.101290322580645
2021-05,Chiayi,2021-05-16 00:00:00,6.19266129032258,26.12290322580645
2021-05,Hsinchu,2021-05-16 00:00:00,5.742887096774194,26.413548387096775
2021-05,Hualien,2021-05-16 00:00:00,5.961709677419354,27.549677419354836
2021-05,Kaohsiung,2021-05-16 00:00:00,6.647622580645161,28.333225806451615
2021-05,Miaoli,2021-05-16 00:00:00,5.742887096774194,26.63774193548387
2021-05,Pingtung,2021-05-16 00:00:00,6.647622580645161,28.760967741935485
2021-05,Taichung,2021-05-16 00:00:00,5.742887096774194,28.101290322580645
2021-05,Tainan,2021-05-16 00:00:00,6.19266129032258,28.570645161290326
2021-05,Taipei,2021-05-16 00:00:00,5.066851612903226,26.413548387096775
2021-05,Taitung,2021-05-16 00:00:00,6.4410870967741936,26.31096774193548
2021-05,Taoyuan,2021-05-16 00:00:00,5.28005806451613,26.413548387096775
2021-05,Yunlin,2021-05-16 00:00:00,6.19266129032258,26.12290322580645
2021-06,Changhua,2021-06-15 12:00:00,5.084976666666666,26.516000000000002
2021-06,Chiayi,2021-06-15 12:00:00,4.678256666666667,24.189
2021-06,Hsinchu,2021-06-15 12:00:00,5.084976666666666,26.92
2021-06,Hualien,2021-06-15 12:00:00,5.2258233333333335,29.240333333333336
2021-06,Kaohsiung,2021-06-15 12:00:00,4.818646666666667,29.038999999999998
2021-06,Miaoli,2021-06-15 12:00:00,5.084976666666666,26.715333333333334
2021-06,Pingtung,2021-06-15 12:00:00,4.818646666666667,27.69633333333333
2021-06,Taichung,2021-06-15 12:00:00,5.084976666666666,26.516000000000002
2021-06,Tainan,2021-06-15 12:00:00,4.678256666666667,28.736333333333334
2021-06,Taipei,2021-06-15 12:00:00,5.14748,26.92
2021-06,Taitung,2021-06-15 12:00:00,5.72242,26.257333333333335
2021-06,Taoyuan,2021-06-15 12:00:00,4.815153333333333,26.92
2021-06,Yunlin,2021-06-15 12:00:00,4.678256666666667,24.189
2021-07,Changhua,2021-07-16 00:00:00,6.372445161290323,27.232903225806453
2021-07,Chiayi,2021-07-16 00:00:00,5.745712903225806,25.003548387096775
2021-07,Hsinchu,2021-07-16 00:00:00,6.372445161290323,27.839032258064517
2021-07,Hualien,2021-07-16 00:00:00,6.31196129032258,29.409354838709678
2021-07,Kaohsiung,2021-07-16 00:00:00,5.607145161290323,29.442903225806454
2021-07,Miaoli,2021-07-16 00:00:00,6.372445161290323,27.498709677419356
2021-07,Pingtung,2021-07-16 00:00:00,5.607145161290323,28.051290322580645
2021-07,Taichung,2021-07-16 00:00:00,6.372445161290323,27.232903225806453
2021-07,Tainan,2021-07-16 00:00:00,5.745712903225806,29.130967741935486
2021-07,Taipei,2021-07-16 00:00:00,6.42468064516129,27.839032258064517
2021-07,Taitung,2021-07-16 00:00:00,6.415383870967742,26.287096774193547
2021-07,Taoyuan,2021-07-16 00:00:00,5.857438709677419,27.839032258064517
2021-07,Yunlin,2021-07-16 00:00:00,5.745712903225806,25.003548387096775
2021-08,Changhua,2021-08-16 00:00:00,5.467493548387097,26.498387096774195
2021-08,Chiayi,2021-08-16 00:00:00,4.71821935483871,24.126451612903224
2021-08,Hsinchu,2021-08-16 00:00:00,5.467493548387097,27.220645161290324
2021-08,Hualien,2021-08-16 00:00:00,5.059358064516129,28.820967741935487
2021-08,Kaohsiung,2021-08-16 00:00:00,4.560258064516129,29.17806451612903
2021-08,Miaoli,2021-08-16 00:00:00,5.467493548387097,26.921290322580642
2021-08,Pingtung,2021-08-16 00:00:00,4.560258064516129,27.467741935483872
2021-08,Taichung,2021-08-16 00:00:00,5.467493548387097,26.498387096774195
2021-08,Tainan,2021-08-16 00:00:00,4.71821935483871,28.700000000000003
2021-08,Taipei,2021-08-16 00:00:00,5.4722193548387095,27.220645161290324
2021-08,Taitung,2021-08-16 00:00:00,5.091470967741936,25.751935483870966
2021-08,Taoyuan,2021-08-16 00:00:00,4.988567741935484,27.220645161290324
2021-08,Yunlin,2021-08-16 00:00:00,4.71821935483871,24.126451612903224
2021-09,Changhua,2021-09-15 12:00:00,5.8307633333333335,27.223
2021-09,Chiayi,2021-09-15 12:00:00,5.45021,24.812
2021-09,Hsinchu,2021-09-15 12:00:00,5.8307633333333335,26.913
2021-09,Hualien,2021-09-15 12:00:00,5.570676666666667,28.845666666666666
2021-09,Kaohsiung,2021-09-15 12:00:00,5.66643,29.51966666666667
2021-09,Miaoli,2021-09-15 12:00:00,5.8307633333333335,27.599666666666668
2021-09,Pingtung,2021-09-15 12:00:00,5.66643,28.035
2021-09,Taichung,2021-09-15 12:00:00,5.8307633333333335,27.223
2021-09,Tainan,2021-09-15 12:00:00,5.45021,29.040000000000003
2021-09,Taipei,2021-09-15 12:00:00,5.794536666666667,26.913
2021-09,Taitung,2021-09-15 12:00:00,5.8106599999999995,25.465
2021-09,Taoyuan,2021-09-15 12:00:00,5.360526666666667,26.913
2021-09,Yunlin,2021-09-15 12:00:00,5.45021,24.812
2021-10,Changhua,2021-10-16 00:00:00,4.1899870967741935,25.697741935483872
2021-10,Chiayi,2021-10-16 00:00:00,4.367867741935483,23.136129032258065
2021-10,Hsinchu,2021-10-16 00:00:00,4.1899870967741935,23.684193548387096
2021-10,Hualien,2021-10-16 00:00:00,3.6704870967741936,26.861290322580647
2021-10,Kaohsiung,2021-10-16 00:00:00,4.422974193548387,28.28290322580645
2021-10,Miaoli,2021-10-16 00:00:00,4.1899870967741935,25.656129032258065
2021-10,Pingtung,2021-10-16 00:00:00,4.422974193548387,26.78290322580645
2021-10,Taichung,2021-10-16 00:00:00,4.1899870967741935,25.697741935483872
2021-10,Tainan,2021-10-16 00:00:00,4.367867741935483,27.514193548387098
2021-10,Taipei,2021-10-16 00:00:00,3.575558064516129,23.684193548387096
2021-10,Taitung,2021-10-16 00:00:00,3.9025612903225806,23.52032258064516
2021-10,Taoyuan,2021-10-16 00:00:00,3.583390322580645,23.684193548387096
2021-10,Yunlin,2021-10-16 00:00:00,4.367867741935483,23.136129032258065
2021-11,Changhua,2021-11-15 12:00:00,3.1349566666666666,21.990000000000002
2021-11,Chiayi,2021-11-15 12:00:00,3.6402466666666666,19.933666666666667
2021-11,Hsinchu,2021-11-15 12:00:00,3.1349566666666666,19.382
2021-11,Hualien,2021-11-15 12:00:00,2.421043333333333,23.993
2021-11,Kaohsiung,2021-11-15 12:00:00,3.8771366666666665,25.33833333333333
2021-11,Miaoli,2021-11-15 12:00:00,3.1349566666666666,21.743
2021-11,Pingtung,2021-11-15 12:00:00,3.8771366666666665,24.269000000000002
2021-11,Taichung,2021-11-15 12:00:00,3.1349566666666666,21.990000000000002
2021-11,Tainan,2021-11-15 12:00:00,3.6402466666666666,24.178333333333335
2021-11,Taipei,2021-11-15 12:00:00,2.197483333333333,19.382
2021-11,Taitung,2021-11-15 12:00:00,2.68282,21.008333333333333
2021-11,Taoyuan,2021-11-15 12:00:00,2.482026666666667,19.382
2021-11,Yunlin,2021-11-15 12:00:00,3.6402466666666666,19.933666666666667
2021-12,Changhua,2021-12-16 00:00:00,2.8238806451612906,19.030322580645162
2021-12,Chiayi,2021-12-16 00:00:00,3.4625935483870967,17.42806451612903
2021-12,Hsinchu,2021-12-16 00:00:00,2.8238806451612906,16.474193548387095
2021-12,Hualien,2021-12-16 00:00:00,2.6215677419354835,21.9358064516129
2021-12,Kaohsiung,2021-12-16 00:00:00,3.506664516129032,23.45387096774194
2021-12,Miaoli,2021-12-16 00:00:00,2.8238806451612906,18.46193548387097
2021-12,Pingtung,2021-12-16 00:00:00,3.506664516129032,21.746129032258064
2021-12,Taichung,2021-12-16 00:00:00,2.8238806451612906,19.030322580645162
2021-12,Tainan,2021-12-16 00:00:00,3.4625935483870967,21.883548387096774
2021-12,Taipei,2021-12-16 00:00:00,1.8986032258064518,16.474193548387095
2021-12,Taitung,2021-12-16 00:00:00,2.51328064516129,18.443548387096776
2021-12,Taoyuan,2021-12-16 00:00:00,2.657658064516129,16.474193548387095
2021-12,Yunlin,2021-12-16 00:00:00,3.4625935483870967,17.42806451612903
2022-01,Changhua,2022-01-16 00:00:00,2.5798193548387096,17.991290322580646
2022-01,Chiayi,2022-01-16 00:00:00,3.244206451612903,16.759032258064515
2022-01,Hsinchu,2022-01-16 00:00:00,2.5798193548387096,15.280967741935482
2022-01,Hualien,2022-01-16 00:00:00,2.159432258064516,21.140967741935484
2022-01,Kaohsiung,2022-01-16 00:00:00,3.356164516129032,22.38806451612903
2022-01,Miaoli,2022-01-16 00:00:00,2.5798193548387096,17.660967741935483
2022-01,Pingtung,2022-01-16 00:00:00,3.356164516129032,21.49516129032258
2022-01,Taichung,2022-01-16 00:00:00,2.5798193548387096,17.991290322580646
2022-01,Tainan,2022-01-16 00:00:00,3.244206451612903,20.853548387096776
2022-01,Taipei,2022-01-16 00:00:00,1.588390322580645,15.280967741935482
2022-01,Taitung,2022-01-16 00:00:00,2.3633225806451614,18.186129032258062
2022-01,Taoyuan,2022-01-16 00:00:00,2.231925806451613,15.280967741935482
2022-01,Yunlin,2022-01-16 00:00:00,3.244206451612903,16.759032258064515
2022-02,Changhua,2022-02-14 12:00:00,2.4905392857142856,17.180357142857144
2022-02,Chiayi,2022-02-14 12:00:00,3.363632142857143,16.4325
2022-02,Hsinchu,2022-02-14 12:00:00,2.4905392857142856,14.656428571428572
2022-02,Hualien,2022-02-14 12:00:00,2.6974071428571427,20.763571428571428
2022-02,Kaohsiung,2022-02-14 12:00:00,3.849160714285714,21.554642857142856
2022-02,Miaoli,2022-02-14 12:00:00,2.4905392857142856,16.29
2022-02,Pingtung,2022-02-14 12:00:00,3.849160714285714,21.449285714285715
2022-02,Taichung,2022-02-14 12:00:00,2.4905392857142856,17.180357142857144
2022-02,Tainan,2022-02-14 12:00:00,3.363632142857143,19.662857142857145
2022-02,Taipei,2022-02-14 12:00:00,1.5757571428571429,14.656428571428572
2022-02,Taitung,2022-02-14 12:00:00,3.1184285714285713,18.08214285714286
2022-02,Taoyuan,2022-02-14 12:00:00,2.465675,14.656428571428572
2022-02,Yunlin,2022-02-14 12:00:00,3.363632142857143,16.4325
2022-03,Changhua,2022-03-16 00:00:00,3.9500354838709675,21.63935483870968
2022-03,Chiayi,2022-03-16 00:00:00,4.634025806451612,20.575483870967744
2022-03,Hsinchu,2022-03-16 00:00:00,3.9500354838709675,19.016451612903225
2022-03,Hualien,2022-03-16 00:00:00,3.679941935483871,23.243870967741938
2022-03,Kaohsiung,2022-03-16 00:00:00,5.023225806451613,24.38193548387097
2022-03,Miaoli,2022-03-16 00:00:00,3.9500354838709675,20.413870967741936
2022-03,Pingtung,2022-03-16 00:00:00,5.023225806451613,24.1658064516129
2022-03,Taichung,2022-03-16 00:00:00,3.9500354838709675,21.63935483870968
2022-03,Tainan,2022-03-16 00:00:00,4.634025806451612,23.444193548387098
2022-03,Taipei,2022-03-16 00:00:00,3.485667741935484,19.016451612903225
2022-03,Taitung,2022-03-16 00:00:00,3.9960129032258065,20.872258064516128
2022-03,Taoyuan,2022-03-16 00:00:00,3.737806451612903,19.016451612903225
2022-03,Yunlin,2022-03-16 00:00:00,4.634025806451612,20.575483870967744
2022-04,Changhua,2022-04-15 12:00:00,4.868753333333333,23.549666666666667
2022-04,Chiayi,2022-04-15 12:00:00,5.201373333333334,22.089
2022-04,Hsinchu,2022-04-15 12:00:00,4.868753333333333,20.805333333333333
2022-04,Hualien,2022-04-15 12:00:00,4.343453333333333,24.33533333333333
2022-04,Kaohsiung,2022-04-15 12:00:00,5.55942,25.682666666666666
2022-04,Miaoli,2022-04-15 12:00:00,4.868753333333333,22.467
2022-04,Pingtung,2022-04-15 12:00:00,5.55942,25.832333333333334
2022-04,Taichung,2022-04-15 12:00:00,4.868753333333333,23.549666666666667
2022-04,Tainan,2022-04-15 12:00:00,5.201373333333334,25.110666666666667
2022-04,Taipei,2022-04-15 12:00:00,4.046043333333333,20.805333333333333
2022-04,Taitung,2022-04-15 12:00:00,4.736113333333334,22.04866666666667
2022-04,Taoyuan,2022-04-15 12:00:00,4.144633333333333,20.805333333333333
2022-04,Yunlin,2022-04-15 12:00:00,5.201373333333334,22.089
2022-05,Changhua,2022-05-16 00:00:00,3.7853645161290324,24.526774193548388
2022-05,Chiayi,2022-05-16 00:00:00,3.947383870967742,22.82709677419355
2022-05,Hsinchu,2022-05-16 00:00:00,3.7853645161290324,22.491612903225807
2022-05,Hualien,2022-05-16 00:00:00,3.5342483870967745,26.00548387096774
2022-05,Kaohsiung,2022-05-16 00:00:00,4.347306451612903,26.73548387096774
2022-05,Miaoli,2022-05-16 00:00:00,3.7853645161290324,24.044193548387096
2022-05,Pingtung,2022-05-16 00:00:00,4.347306451612903,26.41032258064516
2022-05,Taichung,2022-05-16 00:00:00,3.7853645161290324,24.526774193548388
2022-05,Tainan,2022-05-16 00:00:00,3.947383870967742,26.176451612903225
2022-05,Taipei,2022-05-16 00:00:00,2.88368064516129,22.491612903225807
2022-05,Taitung,2022-05-16 00:00:00,3.9989645161290324,23.70193548387097
2022-05,Taoyuan,2022-05-16 00:00:00,3.261435483870968,22.491612903225807
2022-05,Yunlin,2022-05-16 00:00:00,3.947383870967742,22.82709677419355
2022-06,Changhua,2022-06-15 12:00:00,5.1442,26.109666666666666
2022-06,Chiayi,2022-06-15 12:00:00,5.342873333333333,23.801666666666666
2022-06,Hsinchu,2022-06-15 12:00:00,5.1442,26.445666666666668
2022-06,Hualien,2022-06-15 12:00:00,5.737183333333333,29.005
2022-06,Kaohsiung,2022-06-15 12:00:00,5.983996666666667,29.139333333333333
2022-06,Miaoli,2022-06-15 12:00:00,5.1442,26.33566666666667
2022-06,Pingtung,2022-06-15 12:00:00,5.983996666666667,27.506333333333334
2022-06,Taichung,2022-06-15 12:00:00,5.1442,26.109666666666666
2022-06,Tainan,2022-06-15 12:00:00,5.342873333333333,28.599666666666668
2022-06,Taipei,2022-06-15 12:00:00,4.55314,26.445666666666668
2022-06,Taitung,2022-06-15 12:00:00,6.447236666666667,25.950333333333333
2022-06,Taoyuan,2022-06-15 12:00:00,4.960216666666667,26.445666666666668
2022-06,Yunlin,2022-06-15 12:00:00,5.342873333333333,23.801666666666666
2022-07,Changhua,2022-07-16 00:00:00,6.664,28.239677419354837
2022-07,Chiayi,2022-07-16 00:00:00,5.92321935483871,25.881612903225808
2022-07,Hsinchu,2022-07-16 00:00:00,6.664,28.179354838709678
2022-07,Hualien,2022-07-16 00:00:00,6.657625806451613,29.600967741935484
2022-07,Kaohsiung,2022-07-16 00:00:00,6.176354838709678,29.903870967741934
2022-07,Miaoli,2022-07-16 00:00:00,6.664,28.021612903225805
2022-07,Pingtung,2022-07-16 00:00:00,6.176354838709678,28.65290322580645
2022-07,Taichung,2022-07-16 00:00:00,6.664,28.239677419354837
2022-07,Tainan,2022-07-16 00:00:00,5.92321935483871,29.861612903225808
2022-07,Taipei,2022-07-16 00:00:00,6.833538709677419,28.179354838709678
2022-07,Taitung,2022-07-16 00:00:00,6.816454838709678,27.01225806451613
2022-07,Taoyuan,2022-07-16 00:00:00,6.0889483870967736,28.179354838709678
2022-07,Yunlin,2022-07-16 00:00:00,5.92321935483871,25.881612903225808
2022-08,Changhua,2022-08-16 00:00:00,6.213874193548387,28.39258064516129
2022-08,Chiayi,2022-08-16 00:00:00,5.531564516129032,25.73709677419355
2022-08,Hsinchu,2022-08-16 00:00:00,6.213874193548387,28.338709677419356
2022-08,Hualien,2022-08-16 00:00:00,6.041570967741936,29.506451612903227
2022-08,Kaohsiung,2022-08-16 00:00:00,5.796416129032258,29.786451612903225
2022-08,Miaoli,2022-08-16 00:00:00,6.213874193548387,28.24290322580645
2022-08,Pingtung,2022-08-16 00:00:00,5.796416129032258,28.37258064516129
2022-08,Taichung,2022-08-16 00:00:00,6.213874193548387,28.39258064516129
2022-08,Tainan,2022-08-16 00:00:00,5.531564516129032,29.743225806451612
2022-08,Taipei,2022-08-16 00:00:00,6.449990322580645,28.338709677419356
2022-08,Taitung,2022-08-16 00:00:00,6.219577419354839,26.167096774193546
2022-08,Taoyuan,2022-08-16 00:00:00,5.556838709677419,28.338709677419356
2022-08,Yunlin,2022-08-16 00:00:00,5.531564516129032,25.73709677419355
2022-09,Changhua,2022-09-15 12:00:00,5.2067966666666665,27.625666666666667
2022-09,Chiayi,2022-09-15 12:00:00,5.006103333333333,25.214
2022-09,Hsinchu,2022-09-15 12:00:00,5.2067966666666665,25.88566666666667
2022-09,Hualien,2022-09-15 12:00:00,4.932196666666667,28.419333333333334
2022-09,Kaohsiung,2022-09-15 12:00:00,5.172226666666666,28.94333333333333
2022-09,Miaoli,2022-09-15 12:00:00,5.2067966666666665,26.900333333333332
2022-09,Pingtung,2022-09-15 12:00:00,5.172226666666666,28.02766666666667
2022-09,Taichung,2022-09-15 12:00:00,5.2067966666666665,27.625666666666667
2022-09,Tainan,2022-09-15 12:00:00,5.006103333333333,28.823
2022-09,Taipei,2022-09-15 12:00:00,4.5817966666666665,25.88566666666667
2022-09,Taitung,2022-09-15 12:00:00,5.339883333333333,25.642999999999997
2022-09,Taoyuan,2022-09-15 12:00:00,4.541626666666667,25.88566666666667
2022-09,Yunlin,2022-09-15 12:00:00,5.006103333333333,25.214
2022-10,Changhua,2022-10-16 00:00:00,3.830758064516129,26.377741935483872
2022-10,Chiayi,2022-10-16 00:00:00,4.376625806451613,24.681612903225805
2022-10,Hsinchu,2022-10-16 00:00:00,3.830758064516129,23.073225806451614
2022-10,Hualien,2022-10-16 00:00:00,3.623867741935484,26.098064516129032
2022-10,Kaohsiung,2022-10-16 00:00:00,4.39833870967742,27.63774193548387
2022-10,Miaoli,2022-10-16 00:00:00,3.830758064516129,24.81032258064516
2022-10,Pingtung,2022-10-16 00:00:00,4.39833870967742,27.04612903225806
2022-10,Taichung,2022-10-16 00:00:00,3.830758064516129,26.377741935483872
2022-10,Tainan,2022-10-16 00:00:00,4.376625806451613,27.095483870967744
2022-10,Taipei,2022-10-16 00:00:00,2.9054290322580645,23.073225806451614
2022-10,Taitung,2022-10-16 00:00:00,3.953196774193548,23.313548387096777
2022-10,Taoyuan,2022-10-16 00:00:00,3.401164516129032,23.073225806451614
2022-10,Yunlin,2022-10-16 00:00:00,4.376625806451613,24.681612903225805
2022-11,Changhua,2022-11-15 12:00:00,3.286556666666667,24.715333333333334
2022-11,Chiayi,2022-11-15 12:00:00,3.82486,23.369000000000003
2022-11,Hsinchu,2022-11-15 12:00:00,3.286556666666667,21.767333333333333
2022-11,Hualien,2022-11-15 12:00:00,2.9935199999999997,25.301
2022-11,Kaohsiung,2022-11-15 12:00:00,4.079746666666667,26.077333333333335
2022-11,Miaoli,2022-11-15 12:00:00,3.286556666666667,23.259666666666664
2022-11,Pingtung,2022-11-15 12:00:00,4.079746666666667,26.065
2022-11,Taichung,2022-11-15 12:00:00,3.286556666666667,24.715333333333334
2022-11,Tainan,2022-11-15 12:00:00,3.82486,25.35033333333333
2022-11,Taipei,2022-11-15 12:00:00,2.278723333333333,21.767333333333333
2022-11,Taitung,2022-11-15 12:00:00,3.1863533333333334,22.626666666666665
2022-11,Taoyuan,2022-11-15 12:00:00,3.0032133333333335,21.767333333333333
2022-11,Yunlin,2022-11-15 12:00:00,3.82486,23.369000000000003
2022-12,Changhua,2022-12-16 00:00:00,2.5908774193548387,18.606774193548386
2022-12,Chiayi,2022-12-16 00:00:00,3.4922709677419355,17.087741935483873
2022-12,Hsinchu,2022-12-16 00:00:00,2.5908774193548387,15.297741935483872
2022-12,Hualien,2022-12-16 00:00:00,2.5634322580645166,21.450967741935486
2022-12,Kaohsiung,2022-12-16 00:00:00,3.6285258064516133,22.71548387096774
2022-12,Miaoli,2022-12-16 00:00:00,2.5908774193548387,17.6
2022-12,Pingtung,2022-12-16 00:00:00,3.6285258064516133,21.96451612903226
2022-12,Taichung,2022-12-16 00:00:00,2.5908774193548387,18.606774193548386
2022-12,Tainan,2022-12-16 00:00:00,3.4922709677419355,21.068709677419356
2022-12,Taipei,2022-12-16 00:00:00,1.5649451612903227,15.297741935483872
2022-12,Taitung,2022-12-16 00:00:00,2.539435483870968,18.543225806451613
2022-12,Taoyuan,2022-12-16 00:00:00,2.4637806451612905,15.297741935483872
2022-12,Yunlin,2022-12-16 00:00:00,3.4922709677419355,17.087741935483873
2023-01,Changhua,2023-01-16 00:00:00,2.802935483870968,17.574838709677422
2023-01,Chiayi,2023-01-16 00:00:00,3.633825806451613,16.71677419354839
2023-01,Hsinchu,2023-01-16 00:00:00,2.802935483870968,14.673870967741935
2023-01,Hualien,2023-01-16 00:00:00,2.6157903225806454,20.74451612903226
2023-01,Kaohsiung,2023-01-16 00:00:00,3.787535483870968,21.696129032258067
2023-01,Miaoli,2023-01-16 00:00:00,2.802935483870968,16.426451612903225
2023-01,Pingtung,2023-01-16 00:00:00,3.787535483870968,21.218709677419355
2023-01,Taichung,2023-01-16 00:00:00,2.802935483870968,17.574838709677422
2023-01,Tainan,2023-01-16 00:00:00,3.633825806451613,19.945806451612906
2023-01,Taipei,2023-01-16 00:00:00,2.0435032258064516,14.673870967741935
2023-01,Taitung,2023-01-16 00:00:00,2.511283870967742,17.883870967741935
2023-01,Taoyuan,2023-01-16 00:00:00,2.741806451612903,14.673870967741935
2023-01,Yunlin,2023-01-16 00:00:00,3.633825806451613,16.71677419354839
2023-02,Changhua,2023-02-14 12:00:00,3.092003571428571,19.13214285714286
2023-02,Chiayi,2023-02-14 12:00:00,4.107703571428571,19.000357142857144
2023-02,Hsinchu,2023-02-14 12:00:00,3.092003571428571,15.282857142857143
2023-02,Hualien,2023-02-14 12:00:00,3.1972642857142857,21.407142857142855
2023-02,Kaohsiung,2023-02-14 12:00:00,4.460007142857143,22.613571428571426
2023-02,Miaoli,2023-02-14 12:00:00,3.092003571428571,17.023928571428574
2023-02,Pingtung,2023-02-14 12:00:00,4.460007142857143,22.588214285714287
2023-02,Taichung,2023-02-14 12:00:00,3.092003571428571,19.13214285714286
2023-02,Tainan,2023-02-14 12:00:00,4.107703571428571,20.892500000000002
2023-02,Taipei,2023-02-14 12:00:00,2.0775071428571428,15.282857142857143
2023-02,Taitung,2023-02-14 12:00:00,3.310164285714286,18.820714285714285
2023-02,Taoyuan,2023-02-14 12:00:00,3.2436392857142855,15.282857142857143
2023-02,Yunlin,2023-02-14 12:00:00,4.107703571428571,19.000357142857144
2023-03,Changhua,2023-03-16 00:00:00,4.244041935483871,20.86225806451613
2023-03,Chiayi,2023-03-16 00:00:00,4.988438709677419,19.74516129032258
2023-03,Hsinchu,2023-03-16 00:00:00,4.244041935483871,17.699354838709677
2023-03,Hualien,2023-03-16 00:00:00,4.2559129032258065,22.387096774193548
2023-03,Kaohsiung,2023-03-16 00:00:00,5.489180645161291,23.029999999999998
2023-03,Miaoli,2023-03-16 00:00:00,4.244041935483871,19.73193548387097
2023-03,Pingtung,2023-03-16 00:00:00,5.489180645161291,23.789677419354838
2023-03,Taichung,2023-03-16 00:00:00,4.244041935483871,20.86225806451613
2023-03,Tainan,2023-03-16 00:00:00,4.988438709677419,22.38935483870968
2023-03,Taipei,2023-03-16 00:00:00,3.651564516129032,17.699354838709677
2023-03,Taitung,2023-03-16 00:00:00,4.702803225806452,20.42838709677419
2023-03,Taoyuan,2023-03-16 00:00:00,4.176245161290323,17.699354838709677
2023-03,Yunlin,2023-03-16 00:00:00,4.988438709677419,19.74516129032258
2023-04,Changhua,2023-04-15 12:00:00,4.2108099999999995,23.775
2023-04,Chiayi,2023-04-15 12:00:00,4.840459999999999,22.813333333333333
2023-04,Hsinchu,2023-04-15 12:00:00,4.2108099999999995,21.415666666666667
2023-04,Hualien,2023-04-15 12:00:00,3.8732833333333336,24.183
2023-04,Kaohsiung,2023-04-15 12:00:00,5.055113333333334,25.005333333333333
2023-04,Miaoli,2023-04-15 12:00:00,4.2108099999999995,22.694666666666667
2023-04,Pingtung,2023-04-15 12:00:00,5.055113333333334,25.935666666666666
2023-04,Taichung,2023-04-15 12:00:00,4.2108099999999995,23.775
2023-04,Tainan,2023-04-15 12:00:00,4.840459999999999,24.856333333333335
2023-04,Taipei,2023-04-15 12:00:00,3.873076666666667,21.415666666666667
2023-04,Taitung,2023-04-15 12:00:00,4.3829633333333335,22.586333333333336
2023-04,Taoyuan,2023-04-15 12:00:00,3.89512,21.415666666666667
2023-04,Yunlin,2023-04-15 12:00:00,4.840459999999999,22.813333333333333
2023-05,Changhua,2023-05-16 00:00:00,5.033232258064516,26.28774193548387
2023-05,Chiayi,2023-05-16 00:00:00,4.959432258064516,24.808709677419355
2023-05,Hsinchu,2023-05-16 00:00:00,5.033232258064516,24.69161290322581
2023-05,Hualien,2023-05-16 00:00:00,4.311174193548387,26.16548387096774
2023-05,Kaohsiung,2023-05-16 00:00:00,5.188612903225807,27.176451612903225
2023-05,Miaoli,2023-05-16 00:00:00,5.033232258064516,25.43935483870968
2023-05,Pingtung,2023-05-16 00:00:00,5.188612903225807,27.55322580645161
2023-05,Taichung,2023-05-16 00:00:00,5.033232258064516,26.28774193548387
2023-05,Tainan,2023-05-16 00:00:00,4.959432258064516,27.16548387096774
2023-05,Taipei,2023-05-16 00:00:00,4.672748387096774,24.69161290322581
2023-05,Taitung,2023-05-16 00:00:00,4.728687096774194,24.397096774193546
2023-05,Taoyuan,2023-05-16 00:00:00,4.346025806451613,24.69161290322581
2023-05,Yunlin,2023-05-16 00:00:00,4.959432258064516,24.808709677419355
2023-06,Changhua,2023-06-15 12:00:00,5.763953333333333,28.038999999999998
2023-06,Chiayi,2023-06-15 12:00:00,5.18802,25.805999999999997
2023-06,Hsinchu,2023-06-15 12:00:00,5.763953333333333,27.453
2023-06,Hualien,2023-06-15 12:00:00,5.292636666666667,28.632333333333335
2023-06,Kaohsiung,2023-06-15 12:00:00,5.733576666666666,29.272
2023-06,Miaoli,2023-06-15 12:00:00,5.763953333333333,27.50133333333333
2023-06,Pingtung,2023-06-15 12:00:00,5.733576666666666,28.498
2023-06,Taichung,2023-06-15 12:00:00,5.763953333333333,28.038999999999998
2023-06,Tainan,2023-06-15 12:00:00,5.18802,29.30666666666667
2023-06,Taipei,2023-06-15 12:00:00,5.4664166666666665,27.453
2023-06,Taitung,2023-06-15 12:00:00,5.557766666666667,26.420333333333335
2023-06,Taoyuan,2023-06-15 12:00:00,4.8852,27.453
2023-06,Yunlin,2023-06-15 12:00:00,5.18802,25.805999999999997
2023-07,Changhua,2023-07-16 00:00:00,6.072425806451613,29.212580645161292
2023-07,Chiayi,2023-07-16 00:00:00,5.422945161290323,26.63935483870968
2023-07,Hsinchu,2023-07-16 00:00:00,6.072425806451613,28.993870967741934
2023-07,Hualien,2023-07-16 00:00:00,6.00623870967742,29.517419354838708
2023-07,Kaohsiung,2023-07-16 00:00:00,5.782835483870968,30.018709677419356
2023-07,Miaoli,2023-07-16 00:00:00,6.072425806451613,28.82193548387097
2023-07,Pingtung,2023-07-16 00:00:00,5.782835483870968,29.127741935483872
2023-07,Taichung,2023-07-16 00:00:00,6.072425806451613,29.212580645161292
2023-07,Tainan,2023-07-16 00:00:00,5.422945161290323,30.08516129032258
2023-07,Taipei,2023-07-16 00:00:00,6.215064516129032,28.993870967741934
2023-07,Taitung,2023-07-16 00:00:00,6.100667741935484,26.799677419354836
2023-07,Taoyuan,2023-07-16 00:00:00,5.545970967741935,28.993870967741934
2023-07,Yunlin,2023-07-16 00:00:00,5.422945161290323,26.63935483870968
2023-08,Changhua,2023-08-16 00:00:00,5.4716387096774195,27.643870967741936
2023-08,Chiayi,2023-08-16 00:00:00,4.767593548387096,25.098387096774193
2023-08,Hsinchu,2023-08-16 00:00:00,5.4716387096774195,28.149032258064516
2023-08,Hualien,2023-08-16 00:00:00,5.193741935483871,29.580000000000002
2023-08,Kaohsiung,2023-08-16 00:00:00,4.52916129032258,29.39774193548387
2023-08,Miaoli,2023-08-16 00:00:00,5.4716387096774195,27.809354838709677
2023-08,Pingtung,2023-08-16 00:00:00,4.52916129032258,28.092903225806452
2023-08,Taichung,2023-08-16 00:00:00,5.4716387096774195,27.643870967741936
2023-08,Tainan,2023-08-16 00:00:00,4.767593548387096,29.25516129032258
2023-08,Taipei,2023-08-16 00:00:00,5.302303225806451,28.149032258064516
2023-08,Taitung,2023-08-16 00:00:00,5.616103225806452,26.702903225806452
2023-08,Taoyuan,2023-08-16 00:00:00,5.020658064516129,28.149032258064516
2023-08,Yunlin,2023-08-16 00:00:00,4.767593548387096,25.098387096774193
2023-09,Changhua,2023-09-15 12:00:00,5.091543333333333,27.566
2023-09,Chiayi,2023-09-15 12:00:00,5.043826666666666,24.993666666666666
2023-09,Hsinchu,2023-09-15 12:00:00,5.091543333333333,26.699666666666666
2023-09,Hualien,2023-09-15 12:00:00,5.196886666666667,28.36466666666667
2023-09,Kaohsiung,2023-09-15 12:00:00,5.009586666666666,28.982000000000003
2023-09,Miaoli,2023-09-15 12:00:00,5.091543333333333,27.521333333333335
2023-09,Pingtung,2023-09-15 12:00:00,5.009586666666666,27.790666666666667
2023-09,Taichung,2023-09-15 12:00:00,5.091543333333333,27.566
2023-09,Tainan,2023-09-15 12:00:00,5.043826666666666,28.565333333333335
2023-09,Taipei,2023-09-15 12:00:00,5.3744700000000005,26.699666666666666
2023-09,Taitung,2023-09-15 12:00:00,5.313706666666667,25.537666666666667
2023-09,Taoyuan,2023-09-15 12:00:00,4.833683333333334,26.699666666666666
2023-09,Yunlin,2023-09-15 12:00:00,5.043826666666666,24.993666666666666
2023-10,Changhua,2023-10-16 00:00:00,3.8444129032258063,25.950967741935486
2023-10,Chiayi,2023-10-16 00:00:00,4.120038709677419,23.509354838709676
2023-10,Hsinchu,2023-10-16 00:00:00,3.8444129032258063,23.809032258064516
2023-10,Hualien,2023-10-16 00:00:00,3.1454774193548385,26.88193548387097
2023-10,Kaohsiung,2023-10-16 00:00:00,4.132941935483871,27.769354838709678
2023-10,Miaoli,2023-10-16 00:00:00,3.8444129032258063,25.33483870967742
2023-10,Pingtung,2023-10-16 00:00:00,4.132941935483871,26.730967741935483
2023-10,Taichung,2023-10-16 00:00:00,3.8444129032258063,25.950967741935486
2023-10,Tainan,2023-10-16 00:00:00,4.120038709677419,27.02548387096774
2023-10,Taipei,2023-10-16 00:00:00,3.058725806451613,23.809032258064516
2023-10,Taitung,2023-10-16 00:00:00,3.51071935483871,23.878064516129033
2023-10,Taoyuan,2023-10-16 00:00:00,3.156603225806452,23.809032258064516
2023-10,Yunlin,2023-10-16 00:00:00,4.120038709677419,23.509354838709676
2023-11,Changhua,2023-11-15 12:00:00,3.76245,23.266666666666666
2023-11,Chiayi,2023-11-15 12:00:00,4.239543333333334,20.909666666666666
2023-11,Hsinchu,2023-11-15 12:00:00,3.76245,20.96333333333333
2023-11,Hualien,2023-11-15 12:00:00,3.3436000000000003,24.613333333333333
2023-11,Kaohsiung,2023-11-15 12:00:00,4.372043333333334,25.839333333333332
2023-11,Miaoli,2023-11-15 12:00:00,3.76245,22.721333333333334
2023-11,Pingtung,2023-11-15 12:00:00,4.372043333333334,24.656333333333333
2023-11,Taichung,2023-11-15 12:00:00,3.76245,23.266666666666666
2023-11,Tainan,2023-11-15 12:00:00,4.239543333333334,24.891333333333332
2023-11,Taipei,2023-11-15 12:00:00,3.2049600000000003,20.96333333333333
2023-11,Taitung,2023-11-15 12:00:00,3.491486666666667,21.412
2023-11,Taoyuan,2023-11-15 12:00:00,3.38123,20.96333333333333
2023-11,Yunlin,2023-11-15 12:00:00,4.239543333333334,20.909666666666666
2023-12,Changhua,2023-12-16 00:00:00,2.377693548387097,20.541935483870965
2023-12,Chiayi,2023-12-16 00:00:00,3.0315387096774193,19.054516129032255
2023-12,Hsinchu,2023-12-16 00:00:00,2.377693548387097,17.294193548387096
2023-12,Hualien,2023-12-16 00:00:00,2.3258967741935486,22.436129032258062
2023-12,Kaohsiung,2023-12-16 00:00:00,3.2139064516129032,23.64290322580645
2023-12,Miaoli,2023-12-16 00:00:00,2.377693548387097,19.593225806451613
2023-12,Pingtung,2023-12-16 00:00:00,3.2139064516129032,23.08677419354839
2023-12,Taichung,2023-12-16 00:00:00,2.377693548387097,20.541935483870965
2023-12,Tainan,2023-12-16 00:00:00,3.0315387096774193,22.381612903225808
2023-12,Taipei,2023-12-16 00:00:00,1.8292354838709677,17.294193548387096
2023-12,Taitung,2023-12-16 00:00:00,2.361861290322581,19.60258064516129
2023-12,Taoyuan,2023-12-16 00:00:00,2.454716129032258,17.294193548387096
2023-12,Yunlin,2023-12-16 00:00:00,3.0315387096774193,19.054516129032255
2024-01,Changhua,2024-01-16 00:00:00,2.9168064516129033,17.70451612903226
2024-01,Chiayi,2024-01-16 00:00:00,3.7106645161290324,16.243225806451612
2024-01,Hsinchu,2024-01-16 00:00:00,2.9168064516129033,14.990967741935485
2024-01,Hualien,2024-01-16 00:00:00,2.5225161290322577,20.75032258064516
2024-01,Kaohsiung,2024-01-16 00:00:00,3.8030096774193547,21.975806451612904
2024-01,Miaoli,2024-01-16 00:00:00,2.9168064516129033,17.212903225806453
2024-01,Pingtung,2024-01-16 00:00:00,3.8030096774193547,21.080322580645163
2024-01,Taichung,2024-01-16 00:00:00,2.9168064516129033,17.70451612903226
2024-01,Tainan,2024-01-16 00:00:00,3.7106645161290324,20.475483870967743
2024-01,Taipei,2024-01-16 00:00:00,2.3342419354838713,14.990967741935485
2024-01,Taitung,2024-01-16 00:00:00,2.540477419354839,17.830000000000002
2024-01,Taoyuan,2024-01-16 00:00:00,2.7276774193548388,14.990967741935485
2024-01,Yunlin,2024-01-16 00:00:00,3.7106645161290324,16.243225806451612
2024-02,Changhua,2024-02-15 00:00:00,3.226086206896552,19.168275862068967
2024-02,Chiayi,2024-02-15 00:00:00,4.301886206896552,18.793793103448277
2024-02,Hsinchu,2024-02-15 00:00:00,3.226086206896552,15.983793103448274
2024-02,Hualien,2024-02-15 00:00:00,3.398803448275862,21.766896551724138
2024-02,Kaohsiung,2024-02-15 00:00:00,4.6413,22.852758620689656
2024-02,Miaoli,2024-02-15 00:00:00,3.226086206896552,18.116206896551724
2024-02,Pingtung,2024-02-15 00:00:00,4.6413,22.789310344827587
2024-02,Taichung,2024-02-15 00:00:00,3.226086206896552,19.168275862068967
2024-02,Tainan,2024-02-15 00:00:00,4.301886206896552,21.528620689655174
2024-02,Taipei,2024-02-15 00:00:00,2.5384241379310346,15.983793103448274
2024-02,Taitung,2024-02-15 00:00:00,3.5420931034482757,19.49551724137931
2024-02,Taoyuan,2024-02-15 00:00:00,3.4037241379310346,15.983793103448274
2024-02,Yunlin,2024-02-15 00:00:00,4.301886206896552,18.793793103448277
2024-03,Changhua,2024-03-16 00:00:00,3.7776032258064514,21.086774193548386
2024-03,Chiayi,2024-03-16 00:00:00,4.263264516129032,19.961612903225806
2024-03,Hsinchu,2024-03-16 00:00:00,3.7776032258064514,18.404193548387095
2024-03,Hualien,2024-03-16 00:00:00,3.378603225806452,22.36225806451613
2024-03,Kaohsiung,2024-03-16 00:00:00,4.733854838709678,23.77709677419355
2024-03,Miaoli,2024-03-16 00:00:00,3.7776032258064514,19.879032258064516
2024-03,Pingtung,2024-03-16 00:00:00,4.733854838709678,23.67322580645161
2024-03,Taichung,2024-03-16 00:00:00,3.7776032258064514,21.086774193548386
2024-03,Tainan,2024-03-16 00:00:00,4.263264516129032,22.948387096774194
2024-03,Taipei,2024-03-16 00:00:00,3.3016129032258066,18.404193548387095
2024-03,Taitung,2024-03-16 00:00:00,3.821809677419355,20.245806451612903
2024-03,Taoyuan,2024-03-16 00:00:00,3.5210322580645164,18.404193548387095
2024-03,Yunlin,2024-03-16 00:00:00,4.263264516129032,19.961612903225806
2024-04,Changhua,2024-04-15 12:00:00,4.005436666666666,25.666
2024-04,Chiayi,2024-04-15 12:00:00,4.66299,24.137999999999998
2024-04,Hsinchu,2024-04-15 12:00:00,4.005436666666666,24.134666666666664
2024-04,Hualien,2024-04-15 12:00:00,4.243399999999999,26.445666666666668
2024-04,Kaohsiung,2024-04-15 12:00:00,5.4073,27.112666666666666
2024-04,Miaoli,2024-04-15 12:00:00,4.005436666666666,24.644333333333336
2024-04,Pingtung,2024-04-15 12:00:00,5.4073,27.27766666666667
2024-04,Taichung,2024-04-15 12:00:00,4.005436666666666,25.666
2024-04,Tainan,2024-04-15 12:00:00,4.66299,26.952333333333332
2024-04,Taipei,2024-04-15 12:00:00,3.3826233333333335,24.134666666666664
2024-04,Taitung,2024-04-15 12:00:00,5.06809,24.996333333333332
2024-04,Taoyuan,2024-04-15 12:00:00,3.808313333333333,24.134666666666664
2024-04,Yunlin,2024-04-15 12:00:00,4.66299,24.137999999999998
2024-05,Changhua,2024-05-16 00:00:00,4.571825806451613,25.923870967741934
2024-05,Chiayi,2024-05-16 00:00:00,4.352745161290323,24.40741935483871
2024-05,Hsinchu,2024-05-16 00:00:00,4.571825806451613,24.016774193548386
2024-05,Hualien,2024-05-16 00:00:00,3.964925806451613,26.86709677419355
2024-05,Kaohsiung,2024-05-16 00:00:00,4.896880645161291,27.864193548387096
2024-05,Miaoli,2024-05-16 00:00:00,4.571825806451613,24.995806451612903
2024-05,Pingtung,2024-05-16 00:00:00,4.896880645161291,27.559677419354838
2024-05,Taichung,2024-05-16 00:00:00,4.571825806451613,25.923870967741934
2024-05,Tainan,2024-05-16 00:00:00,4.352745161290323,27.431935483870966
2024-05,Taipei,2024-05-16 00:00:00,4.1962161290322575,24.016774193548386
2024-05,Taitung,2024-05-16 00:00:00,4.758693548387097,24.799032258064514
2024-05,Taoyuan,2024-05-16 00:00:00,4.073535483870968,24.016774193548386
2024-05,Yunlin,2024-05-16 00:00:00,4.352745161290323,24.40741935483871
2024-06,Changhua,2024-06-15 12:00:00,5.171043333333333,27.253666666666668
2024-06,Chiayi,2024-06-15 12:00:00,5.20305,24.973333333333336
2024-06,Hsinchu,2024-06-15 12:00:00,5.171043333333333,26.947666666666667
2024-06,Hualien,2024-06-15 12:00:00,5.380303333333333,29.288666666666664
2024-06,Kaohsiung,2024-06-15 12:00:00,5.692886666666666,29.552
2024-06,Miaoli,2024-06-15 12:00:00,5.171043333333333,26.941333333333333
2024-06,Pingtung,2024-06-15 12:00:00,5.692886666666666,28.323
2024-06,Taichung,2024-06-15 12:00:00,5.171043333333333,27.253666666666668
2024-06,Tainan,2024-06-15 12:00:00,5.20305,29.220333333333333
2024-06,Taipei,2024-06-15 12:00:00,4.700423333333333,26.947666666666667
2024-06,Taitung,2024-06-15 12:00:00,6.141773333333333,26.598333333333336
2024-06,Taoyuan,2024-06-15 12:00:00,4.6607666666666665,26.947666666666667
2024-06,Yunlin,2024-06-15 12:00:00,5.20305,24.973333333333336
2024-07,Changhua,2024-07-16 00:00:00,6.302809677419355,29.199032258064516
2024-07,Chiayi,2024-07-16 00:00:00,5.675732258064516,26.802258064516128
2024-07,Hsinchu,2024-07-16 00:00:00,6.302809677419355,28.71516129032258
2024-07,Hualien,2024-07-16 00:00:00,6.1288967741935485,29.85516129032258
2024-07,Kaohsiung,2024-07-16 00:00:00,6.088741935483871,30.410645161290322
2024-07,Miaoli,2024-07-16 00:00:00,6.302809677419355,28.7041935483871
2024-07,Pingtung,2024-07-16 00:00:00,6.088741935483871,29.156129032258065
2024-07,Taichung,2024-07-16 00:00:00,6.302809677419355,29.199032258064516
2024-07,Tainan,2024-07-16 00:00:00,5.675732258064516,30.60225806451613
2024-07,Taipei,2024-07-16 00:00:00,6.3985806451612905,28.71516129032258
2024-07,Taitung,2024-07-16 00:00:00,6.27931935483871,27.011612903225807
2024-07,Taoyuan,2024-07-16 00:00:00,5.521580645161291,28.71516129032258
2024-07,Yunlin,2024-07-16 00:00:00,5.675732258064516,26.802258064516128
2024-08,Changhua,2024-08-16 00:00:00,5.7999709677419355,27.649354838709677
2024-08,Chiayi,2024-08-16 00:00:00,5.280864516129032,25.052258064516128
2024-08,Hsinchu,2024-08-16 00:00:00,5.7999709677419355,28.069032258064517
2024-08,Hualien,2024-08-16 00:00:00,5.655367741935484,29.718709677419355
2024-08,Kaohsiung,2024-08-16 00:00:00,5.322851612903226,29.76322580645161
2024-08,Miaoli,2024-08-16 00:00:00,5.7999709677419355,27.770967741935483
2024-08,Pingtung,2024-08-16 00:00:00,5.322851612903226,28.30483870967742
2024-08,Taichung,2024-08-16 00:00:00,5.7999709677419355,27.649354838709677
2024-08,Tainan,2024-08-16 00:00:00,5.280864516129032,29.423548387096773
2024-08,Taipei,2024-08-16 00:00:00,5.789487096774193,28.069032258064517
2024-08,Taitung,2024-08-16 00:00:00,6.1082193548387105,27.10451612903226
2024-08,Taoyuan,2024-08-16 00:00:00,5.251825806451613,28.069032258064517
2024-08,Yunlin,2024-08-16 00:00:00,5.280864516129032,25.052258064516128
2024-09,Changhua,2024-09-15 12:00:00,5.179833333333334,28.264333333333333
2024-09,Chiayi,2024-09-15 12:00:00,4.803376666666667,25.572333333333333
2024-09,Hsinchu,2024-09-15 12:00:00,5.179833333333334,27.429333333333332
2024-09,Hualien,2024-09-15 12:00:00,4.742313333333333,29.163666666666664
2024-09,Kaohsiung,2024-09-15 12:00:00,4.78092,29.634333333333334
2024-09,Miaoli,2024-09-15 12:00:00,5.179833333333334,28.110333333333333
2024-09,Pingtung,2024-09-15 12:00:00,4.78092,28.363333333333333
2024-09,Taichung,2024-09-15 12:00:00,5.179833333333334,28.264333333333333
2024-09,Tainan,2024-09-15 12:00:00,4.803376666666667,29.363999999999997
2024-09,Taipei,2024-09-15 12:00:00,4.9811700000000005,27.429333333333332
2024-09,Taitung,2024-09-15 12:00:00,4.733033333333333,26.07766666666667
2024-09,Taoyuan,2024-09-15 12:00:00,4.6651533333333335,27.429333333333332
2024-09,Yunlin,2024-09-15 12:00:00,4.803376666666667,25.572333333333333
2024-10,Changhua,2024-10-16 00:00:00,3.5345935483870967,26.350322580645162
2024-10,Chiayi,2024-10-16 00:00:00,4.095074193548387,24.135483870967743
2024-10,Hsinchu,2024-10-16 00:00:00,3.5345935483870967,24.50548387096774
2024-10,Hualien,2024-10-16 00:00:00,3.481667741935484,27.34
2024-10,Kaohsiung,2024-10-16 00:00:00,3.994529032258064,27.78548387096774
2024-10,Miaoli,2024-10-16 00:00:00,3.5345935483870967,25.65064516129032
2024-10,Pingtung,2024-10-16 00:00:00,3.994529032258064,27.10290322580645
2024-10,Taichung,2024-10-16 00:00:00,3.5345935483870967,26.350322580645162
2024-10,Tainan,2024-10-16 00:00:00,4.095074193548387,27.005806451612905
2024-10,Taipei,2024-10-16 00:00:00,3.200093548387097,24.50548387096774
2024-10,Taitung,2024-10-16 00:00:00,3.547509677419355,24.23032258064516
2024-10,Taoyuan,2024-10-16 00:00:00,3.369616129032258,24.50548387096774
2024-10,Yunlin,2024-10-16 00:00:00,4.095074193548387,24.135483870967743
2024-11,Changhua,2024-11-15 12:00:00,2.9952633333333334,23.154666666666667
2024-11,Chiayi,2024-11-15 12:00:00,3.49872,21.365000000000002
2024-11,Hsinchu,2024-11-15 12:00:00,2.9952633333333334,20.753333333333334
2024-11,Hualien,2024-11-15 12:00:00,2.5955966666666668,24.608999999999998
2024-11,Kaohsiung,2024-11-15 12:00:00,3.6728799999999997,25.945333333333334
2024-11,Miaoli,2024-11-15 12:00:00,2.9952633333333334,22.490666666666666
2024-11,Pingtung,2024-11-15 12:00:00,3.6728799999999997,24.816666666666666
2024-11,Taichung,2024-11-15 12:00:00,2.9952633333333334,23.154666666666667
2024-11,Tainan,2024-11-15 12:00:00,3.49872,24.728333333333335
2024-11,Taipei,2024-11-15 12:00:00,2.1782266666666668,20.753333333333334
2024-11,Taitung,2024-11-15 12:00:00,2.9043766666666664,21.476999999999997
2024-11,Taoyuan,2024-11-15 12:00:00,2.6272499999999996,20.753333333333334
2024-11,Yunlin,2024-11-15 12:00:00,3.49872,21.365000000000002
2024-12,Changhua,2024-12-16 00:00:00,2.7492064516129036,18.442580645161293
2024-12,Chiayi,2024-12-16 00:00:00,3.2936612903225804,16.746129032258064
2024-12,Hsinchu,2024-12-16 00:00:00,2.7492064516129036,15.744193548387097
2024-12,Hualien,2024-12-16 00:00:00,2.3170258064516127,21.228064516129034
2024-12,Kaohsiung,2024-12-16 00:00:00,3.3459903225806453,22.183225806451613
2024-12,Miaoli,2024-12-16 00:00:00,2.7492064516129036,18.15225806451613
2024-12,Pingtung,2024-12-16 00:00:00,3.3459903225806453,21.40967741935484
2024-12,Taichung,2024-12-16 00:00:00,2.7492064516129036,18.442580645161293
2024-12,Tainan,2024-12-16 00:00:00,3.2936612903225804,20.77258064516129
2024-12,Taipei,2024-12-16 00:00:00,1.9257,15.744193548387097
2024-12,Taitung,2024-12-16 00:00:00,2.400277419354839,18.243870967741934
2024-12,Taoyuan,2024-12-16 00:00:00,2.3562451612903224,15.744193548387097
2024-12,Yunlin,2024-12-16 00:00:00,3.2936612903225804,16.746129032258064
